Workbook
Name AdvancedStats: ' #StatsTable'!$AO:$BB

Sheet 1 - Cover Page
B2: Nikola Jokic: Does Playing Defense Matter?
B3: A breakdown of how the 3x MVP performed in a team win in the 2024-25 Regular Season
B27: Analysis by Adrien Barnes
B28: 46009
B29: All data sourced from https://www.basketball-reference.com/players/j/jokicni01/gamelog/2025/

Sheet 2 - PointsScatter

Sheet 3 - Data Collection
B2: Differential (W - L) | D2: FG | E2: FGA | F2: FG% | G2: 3P | H2: 3PA | I2: 2P | J2: 2PA | K2: FT | L2: FTA | M2: FT%
B3: High | D3: -3 | E3: -4 | F3: 0.033 | G3: -1 | H3: 2 | I3: -3 | J3: -6 | K3: -7 | L3: -7 | M3: 0
B4: Low | D4: 2 | E4: 0 | F4: 0.131 | G4: 0 | H4: -1 | I4: 1 | J4: -1 | K4: 0 | L4: 0 | M4: 0.429
B5: Mean | D5: -1.2373188 | E5: -3.3188406 | F5: 0.042201087 | G5: -0.48731884 | H5: -1.8713768 | I5: -0.75 | J5: -1.4474638 | K5: 0.87318841 | L5: 0.73731884 | M5: 0.025609662
B8: Differential (W - L) | D8: ORB | E8: DRB | F8: TRB | G8: AST | H8: STL | I8: BLK | J8: TOV | K8: PF | L8: PTS
B9: High | D9: 1 | E9: 2 | F9: 2 | G9: 8 | H9: 2 | I9: 0 | J9: 0 | K9: 0 | L9: -13
B10: Low | D10: 0 | E10: 0 | F10: -1 | G10: 0 | H10: 0 | I10: 0 | J10: 1 | K10: 0 | L10: -2
B11: Mean | D11: -0.027173913 | E11: 1.0307971 | F11: 1.0036232 | G11: 1.4257246 | H11: 0.41485507 | I11: 0.2173913 | J11: -0.26268116 | K11: -0.072463768 | L11: -2.0887681
B13: Differential (W - L) | C13: +/- | D13: ORtg | E13: DRtg
B14: High | C14: 32 | D14: 26 | E14: -11
B15: Low | C15: 17 | D15: -7 | E15: -19
B16: Mean | C16: 20.394928 | D16: 14.027174 | E16: -12.958333

Sheet 4 - WinLoss Comparison

Sheet 5 - Regression

Sheet 6 - Conclusion

Sheet Abbrev. Approach
B2: Here is an abbreviated version of how I approached this project
B4: 1. Decided on baskteball topic to make it fun
B5: 2. Pulled 2 data sets from website provided and imported to Excel
B6: 3. Consolidated and cleaned the data for analysis
C7: Matching stats of the 2 tables to the correct games
C8: Used TEXTBEFORE and TEXTAFTER functions to breakdown game scores
C9: Formated minutes to be pulled if needed
C10: Made percentage entires uniform (XX.xx vs 0.xx)
C11: Inserted dashes for my blanks for easier navigation
B12: 4. Started initial calcualtions of category totals and basic statistical measures
B13: 5. Calculated the difference in performance in a win - loss to identify any large swings
B14: 6. Identified DRtg as an area to explore and analyzed with visualizations and further analysis
B15: 7. Brought the analysis together and added commentary on respective worksheets

Sheet     #StatsTable
B1: Gplayed | C1: Gcar | D1: Gseason | E1: Date | F1: Team | G1: Home/Away | H1: Opp | I1: Result | J1: DENPts | K1: OppPts | L1: W/L | M1: CumulW | N1: CumulL | O1: GS | P1: MP | Q1: FG | R1: FGA | S1: FG% | T1: 3P | U1: 3PA | V1: 3P% | W1: 2P | X1: 2PA | Y1: 2P% | Z1: eFG% | AA1: FT | AB1: FTA | AC1: FT% | AD1: ORB | AE1: DRB | AF1: TRB | AG1: AST | AH1: STL | AI1: BLK | AJ1: TOV | AK1: PF | AL1: PTS | AM1: GmSc | AN1: +/- | AO1: TS% | AP1: eFG%2 | AQ1: ORB% | AR1: DRB% | AS1: TRB% | AT1: AST% | AU1: STL% | AV1: BLK% | AW1: TOV% | AX1: USG% | AY1: ORtg | AZ1: DRtg | BA1: GmSc3 | BB1: BPM
B2: 1 | C2: 676 | D2: 1 | E2: 45589 | F2: DEN | H2: OKC | I2: L, 87-102 | J2: =(_xlfn.TEXTBEFORE(_xlfn.TEXTAFTER($I2,", ",,1),"-",,1,1,))*1 -> 87 | K2: =(_xlfn.TEXTBEFORE(_xlfn.TEXTAFTER($I2,"-",,1)," ",,1,1,))*1 -> 102 | L2: =LEFT(' #StatsTable'!$I2,1) -> L | M2: 0 | N2: 1 | O2: * | P2: 1.4666667 | Q2: 6 | R2: 13 | S2: 0.462 | T2: 1 | U2: 3 | V2: 0.333 | W2: 5 | X2: 10 | Y2: 0.5 | Z2: 0.5 | AA2: 3 | AB2: 4 | AC2: 0.75 | AD2: 4 | AE2: 8 | AF2: 12 | AG2: 13 | AH2: 2 | AI2: 1 | AJ2: 3 | AK2: 3 | AL2: 16 | AM2: 21.7 | AN2: -9 | AO2: 0.542 | AP2: 0.5 | AQ2: 0.103 | AR2: 0.206 | AS2: 0.154 | AT2: 0.661 | AU2: 0.027 | AV2: 0.021 | AW2: 0.169 | AX2: 0.202 | AY2: 117 | AZ2: 99 | BA2: 21.7 | BB2: 14.3
B3: 2 | C3: 677 | D3: 2 | E3: 45591 | F3: DEN | H3: LAC | I3: L, 104-109 | J3: =(_xlfn.TEXTBEFORE(_xlfn.TEXTAFTER($I3,", ",,1),"-",,1,1,))*1 -> 104 | K3: =(_xlfn.TEXTBEFORE(_xlfn.TEXTAFTER($I3,"-",,1)," ",,1,1,))*1 -> 109 | L3: =LEFT(' #StatsTable'!$I3,1) -> L | M3: =IF(' #StatsTable'!$L3="W", M2+1,M2) -> 0 | N3: =IF(' #StatsTable'!$L3="L",N2+1,N2) -> 2 | O3: * | P3: 1.5319444 | Q3: 14 | R3: 26 | S3: 0.538 | T3: 7 | U3: 12 | V3: 0.583 | W3: 7 | X3: 14 | Y3: 0.5 | Z3: 0.673 | AA3: 6 | AB3: 8 | AC3: 0.75 | AD3: 3 | AE3: 6 | AF3: 9 | AG3: 4 | AH3: 2 | AI3: 1 | AJ3: 5 | AK3: 2 | AL3: 41 | AM3: 31.2 | AN3: 7 | AO3: 0.694 | AP3: 0.673 | AQ3: 0.091 | AR3: 0.206 | AS3: 0.145 | AT3: 0.312 | AU3: 0.028 | AV3: 0.027 | AW3: 0.145 | AX3: 0.419 | AY3: 122 | AZ3: 114 | BA3: 31.2 | BB3: 18.9
B4: 3 | C4: 678 | D4: 3 | E4: 45593 | F4: DEN | G4: @ | H4: TOR | I4: W, 127-125 (OT) | J4: =(_xlfn.TEXTBEFORE(_xlfn.TEXTAFTER($I4,", ",,1),"-",,1,1,))*1 -> 127 | K4: =(_xlfn.TEXTBEFORE(_xlfn.TEXTAFTER($I4,"-",,1)," ",,1,1,))*1 -> 125 | L4: =LEFT(' #StatsTable'!$I4,1) -> W | M4: =IF(' #StatsTable'!$L4="W", M3+1,M3) -> 1 | N4: =IF(' #StatsTable'!$L4="L",N3+1,N3) -> 2 | O4: * | P4: 1.8201389 | Q4: 18 | R4: 27 | S4: 0.667 | T4: 3 | U4: 5 | V4: 0.6 | W4: 15 | X4: 22 | Y4: 0.682 | Z4: 0.722 | AA4: 1 | AB4: 2 | AC4: 0.5 | AD4: 3 | AE4: 7 | AF4: 10 | AG4: 4 | AH4: 1 | AI4: 2 | AJ4: 3 | AK4: 2 | AL4: 40 | AM4: 33.5 | AN4: 9 | AO4: 0.717 | AP4: 0.722 | AQ4: 0.071 | AR4: 0.154 | AS4: 0.114 | AT4: 0.193 | AU4: 0.011 | AV4: 0.033 | AW4: 0.097 | AX4: 0.299 | AY4: 132 | AZ4: 112 | BA4: 33.5 | BB4: 12.2
B5: 4 | C5: 679 | D5: 4 | E5: 45594 | F5: DEN | G5: @ | H5: BRK | I5: W, 144-139 (OT) | J5: =(_xlfn.TEXTBEFORE(_xlfn.TEXTAFTER($I5,", ",,1),"-",,1,1,))*1 -> 144 | K5: =(_xlfn.TEXTBEFORE(_xlfn.TEXTAFTER($I5,"-",,1)," ",,1,1,))*1 -> 139 | L5: =LEFT(' #StatsTable'!$I5,1) -> W | M5: =IF(' #StatsTable'!$L5="W", M4+1,M4) -> 2 | N5: =IF(' #StatsTable'!$L5="L",N4+1,N4) -> 2 | O5: * | P5: 1.6881944 | Q5: 9 | R5: 16 | S5: 0.563 | T5: 0 | U5: 0 | V5: - | W5: 9 | X5: 16 | Y5: 0.563 | Z5: 0.563 | AA5: 11 | AB5: 13 | AC5: 0.846 | AD5: 6 | AE5: 12 | AF5: 18 | AG5: 16 | AH5: 0 | AI5: 1 | AJ5: 1 | AK5: 3 | AL5: 29 | AM5: 38.1 | AN5: 8 | AO5: 0.668 | AP5: 0.563 | AQ5: 0.183 | AR5: 0.383 | AS5: 0.28 | AT5: 0.611 | AU5: 0 | AV5: 0.03 | AW5: 0.044 | AX5: 0.259 | AY5: 162 | AZ5: 129 | BA5: 38.1 | BB5: 17
B6: 5 | C6: 680 | D6: 5 | E6: 45597 | F6: DEN | G6: @ | H6: MIN | I6: L, 116-119 | J6: =(_xlfn.TEXTBEFORE(_xlfn.TEXTAFTER($I6,", ",,1),"-",,1,1,))*1 -> 116 | K6: =(_xlfn.TEXTBEFORE(_xlfn.TEXTAFTER($I6,"-",,1)," ",,1,1,))*1 -> 119 | L6: =LEFT(' #StatsTable'!$I6,1) -> L | M6: =IF(' #StatsTable'!$L6="W", M5+1,M5) -> 2 | N6: =IF(' #StatsTable'!$L6="L",N5+1,N5) -> 3 | O6: * | P6: 1.6541667 | Q6: 8 | R6: 16 | S6: 0.5 | T6: 2 | U6: 3 | V6: 0.667 | W6: 6 | X6: 13 | Y6: 0.462 | Z6: 0.563 | AA6: 8 | AB6: 10 | AC6: 0.8 | AD6: 2 | AE6: 7 | AF6: 9 | AG6: 13 | AH6: 3 | AI6: 1 | AJ6: 3 | AK6: 1 | AL6: 26 | AM6: 30.1 | AN6: 6 | AO6: 0.637 | AP6: 0.563 | AQ6: 0.051 | AR6: 0.229 | AS6: 0.13 | AT6: 0.502 | AU6: 0.037 | AV6: 0.029 | AW6: 0.128 | AX6: 0.236 | AY6: 138 | AZ6: 115 | BA6: 30.1 | BB6: 16.5
B7: 6 | C7: 681 | D7: 6 | E7: 45598 | F7: DEN | H7: UTA | I7: W, 129-103 | J7: =(_xlfn.TEXTBEFORE(_xlfn.TEXTAFTER($I7,", ",,1),"-",,1,1,))*1 -> 129 | K7: =(_xlfn.TEXTBEFORE(_xlfn.TEXTAFTER($I7,"-",,1)," ",,1,1,))*1 -> 103 | L7: =LEFT(' #StatsTable'!$I7,1) -> W | M7: =IF(' #StatsTable'!$L7="W", M6+1,M6) -> 3 | N7: =IF(' #StatsTable'!$L7="L",N6+1,N6) -> 3 | O7: * | P7: 1.2375 | Q7: 10 | R7: 18 | S7: 0.556 | T7: 3 | U7: 4 | V7: 0.75 | W7: 7 | X7: 14 | Y7: 0.5 | Z7: 0.639 | AA7: 4 | AB7: 4 | AC7: 1 | AD7: 5 | AE7: 11 | AF7: 16 | AG7: 9 | AH7: 1 | AI7: 0 | AJ7: 5 | AK7: 1 | AL7: 27 | AM7: 27.1 | AN7: 31 | AO7: 0.683 | AP7: 0.639 | AQ7: 0.162 | AR7: 0.434 | AS7: 0.284 | AT7: 0.457 | AU7: 0.015 | AV7: 0 | AW7: 0.202 | AX7: 0.315 | AY7: 131 | AZ7: 95 | BA7: 27.1 | BB7: 15.2
B8: 7 | C8: 682 | D8: 7 | E8: 45600 | F8: DEN | H8: TOR | I8: W, 121-119 | J8: =(_xlfn.TEXTBEFORE(_xlfn.TEXTAFTER($I8,", ",,1),"-",,1,1,))*1 -> 121 | K8: =(_xlfn.TEXTBEFORE(_xlfn.TEXTAFTER($I8,"-",,1)," ",,1,1,))*1 -> 119 | L8: =LEFT(' #StatsTable'!$I8,1) -> W | M8: =IF(' #StatsTable'!$L8="W", M7+1,M7) -> 4 | N8: =IF(' #StatsTable'!$L8="L",N7+1,N7) -> 3 | O8: * | P8: 1.5916667 | Q8: 10 | R8: 22 | S8: 0.455 | T8: 1 | U8: 5 | V8: 0.2 | W8: 9 | X8: 17 | Y8: 0.529 | Z8: 0.477 | AA8: 7 | AB8: 8 | AC8: 0.875 | AD8: 5 | AE8: 9 | AF8: 14 | AG8: 13 | AH8: 1 | AI8: 2 | AJ8: 7 | AK8: 2 | AL8: 28 | AM8: 26.1 | AN8: -1 | AO8: 0.549 | AP8: 0.477 | AQ8: 0.153 | AR8: 0.257 | AS8: 0.207 | AT8: 0.574 | AU8: 0.012 | AV8: 0.039 | AW8: 0.215 | AX8: 0.35 | AY8: 114 | AZ8: 113 | BA8: 26.1 | BB8: 5.4
B9: 8 | C9: 683 | D9: 8 | E9: 45602 | F9: DEN | H9: OKC | I9: W, 124-122 | J9: =(_xlfn.TEXTBEFORE(_xlfn.TEXTAFTER($I9,", ",,1),"-",,1,1,))*1 -> 124 | K9: =(_xlfn.TEXTBEFORE(_xlfn.TEXTAFTER($I9,"-",,1)," ",,1,1,))*1 -> 122 | L9: =LEFT(' #StatsTable'!$I9,1) -> W | M9: =IF(' #StatsTable'!$L9="W", M8+1,M8) -> 5 | N9: =IF(' #StatsTable'!$L9="L",N8+1,N8) -> 3 | O9: * | P9: 1.6451389 | Q9: 9 | R9: 20 | S9: 0.45 | T9: 1 | U9: 3 | V9: 0.333 | W9: 8 | X9: 17 | Y9: 0.471 | Z9: 0.475 | AA9: 4 | AB9: 6 | AC9: 0.667 | AD9: 7 | AE9: 13 | AF9: 20 | AG9: 16 | AH9: 2 | AI9: 2 | AJ9: 5 | AK9: 2 | AL9: 23 | AM9: 29.4 | AN9: 8 | AO9: 0.508 | AP9: 0.475 | AQ9: 0.181 | AR9: 0.287 | AS9: 0.238 | AT9: 0.626 | AU9: 0.023 | AV9: 0.041 | AW9: 0.181 | AX9: 0.277 | AY9: 121 | AZ9: 105 | BA9: 29.4 | BB9: 12.1
B10: 9 | C10: 684 | D10: 9 | E10: 45604 | F10: DEN | H10: MIA | I10: W, 135-122 | J10: =(_xlfn.TEXTBEFORE(_xlfn.TEXTAFTER($I10,", ",,1),"-",,1,1,))*1 -> 135 | K10: =(_xlfn.TEXTBEFORE(_xlfn.TEXTAFTER($I10,"-",,1)," ",,1,1,))*1 -> 122 | L10: =LEFT(' #StatsTable'!$I10,1) -> W | M10: =IF(' #StatsTable'!$L10="W", M9+1,M9) -> 6 | N10: =IF(' #StatsTable'!$L10="L",N9+1,N9) -> 3 | O10: * | P10: 1.6666667 | Q10: 11 | R10: 13 | S10: 0.846 | T10: 1 | U10: 1 | V10: 1 | W10: 10 | X10: 12 | Y10: 0.833 | Z10: 0.885 | AA10: 7 | AB10: 7 | AC10: 1 | AD10: 2 | AE10: 9 | AF10: 11 | AG10: 14 | AH10: 2 | AI10: 0 | AJ10: 5 | AK10: 2 | AL10: 30 | AM10: 35.4 | AN10: 26 | AO10: 0.933 | AP10: 0.885 | AQ10: 0.08 | AR10: 0.257 | AS10: 0.183 | AT10: 0.457 | AU10: 0.024 | AV10: 0 | AW10: 0.237 | AX10: 0.236 | AY10: 162 | AZ10: 117 | BA10: 35.4 | BB10: 14.1
B11: 10 | C11: 685 | D11: 10 | E11: 45606 | F11: DEN | H11: DAL | I11: W, 122-120 | J11: =(_xlfn.TEXTBEFORE(_xlfn.TEXTAFTER($I11,", ",,1),"-",,1,1,))*1 -> 122 | K11: =(_xlfn.TEXTBEFORE(_xlfn.TEXTAFTER($I11,"-",,1)," ",,1,1,))*1 -> 120 | L11: =LEFT(' #StatsTable'!$I11,1) -> W | M11: =IF(' #StatsTable'!$L11="W", M10+1,M10) -> 7 | N11: =IF(' #StatsTable'!$L11="L",N10+1,N10) -> 3 | O11: * | P11: 1.5840278 | Q11: 13 | R11: 21 | S11: 0.619 | T11: 3 | U11: 3 | V11: 1 | W11: 10 | X11: 18 | Y11: 0.556 | Z11: 0.69 | AA11: 8 | AB11: 8 | AC11: 1 | AD11: 8 | AE11: 10 | AF11: 18 | AG11: 15 | AH11: 3 | AI11: 0 | AJ11: 4 | AK11: 2 | AL11: 37 | AM11: 44.8 | AN11: 13 | AO11: 0.754 | AP11: 0.69 | AQ11: 0.224 | AR11: 0.301 | AS11: 0.261 | AT11: 0.663 | AU11: 0.039 | AV11: 0 | AW11: 0.14 | AX11: 0.326 | AY11: 154 | AZ11: 117 | BA11: 44.8 | BB11: 26.6
B12: 10 | D12: 11 | E12: 45611 | F12: DEN | G12: @ | H12: NOP | I12: L, 94-101 | J12: =(_xlfn.TEXTBEFORE(_xlfn.TEXTAFTER($I12,", ",,1),"-",,1,1,))*1 -> 94 | K12: =(_xlfn.TEXTBEFORE(_xlfn.TEXTAFTER($I12,"-",,1)," ",,1,1,))*1 -> 101 | L12: =LEFT(' #StatsTable'!$I12,1) -> L | M12: =IF(' #StatsTable'!$L12="W", M11+1,M11) -> 7 | N12: =IF(' #StatsTable'!$L12="L",N11+1,N11) -> 4 | O12: Inactive | P12: - | Q12: - | R12: - | S12: - | T12: - | U12: - | V12: - | W12: - | X12: - | Y12: - | Z12: - | AA12: - | AB12: - | AC12: - | AD12: - | AE12: - | AF12: - | AG12: - | AH12: - | AI12: - | AJ12: - | AK12: - | AL12: - | AM12: - | AN12: - | AO12: - | AP12: - | AQ12: - | AR12: - | AS12: - | AT12: - | AU12: - | AV12: - | AW12: - | AX12: - | AY12: - | AZ12: - | BA12: - | BB12: -
B13: 10 | D13: 12 | E13: 45613 | F13: DEN | G13: @ | H13: MEM | I13: L, 90-105 | J13: =(_xlfn.TEXTBEFORE(_xlfn.TEXTAFTER($I13,", ",,1),"-",,1,1,))*1 -> 90 | K13: =(_xlfn.TEXTBEFORE(_xlfn.TEXTAFTER($I13,"-",,1)," ",,1,1,))*1 -> 105 | L13: =LEFT(' #StatsTable'!$I13,1) -> L | M13: =IF(' #StatsTable'!$L13="W", M12+1,M12) -> 7 | N13: =IF(' #StatsTable'!$L13="L",N12+1,N12) -> 5 | O13: Inactive | P13: - | Q13: - | R13: - | S13: - | T13: - | U13: - | V13: - | W13: - | X13: - | Y13: - | Z13: - | AA13: - | AB13: - | AC13: - | AD13: - | AE13: - | AF13: - | AG13: - | AH13: - | AI13: - | AJ13: - | AK13: - | AL13: - | AM13: - | AN13: - | AO13: - | AP13: - | AQ13: - | AR13: - | AS13: - | AT13: - | AU13: - | AV13: - | AW13: - | AX13: - | AY13: - | AZ13: - | BA13: - | BB13: -
B14: 10 | D14: 13 | E14: 45615 | F14: DEN | G14: @ | H14: MEM | I14: W, 122-110 | J14: =(_xlfn.TEXTBEFORE(_xlfn.TEXTAFTER($I14,", ",,1),"-",,1,1,))*1 -> 122 | K14: =(_xlfn.TEXTBEFORE(_xlfn.TEXTAFTER($I14,"-",,1)," ",,1,1,))*1 -> 110 | L14: =LEFT(' #StatsTable'!$I14,1) -> W | M14: =IF(' #StatsTable'!$L14="W", M13+1,M13) -> 8 | N14: =IF(' #StatsTable'!$L14="L",N13+1,N13) -> 5 | O14: Inactive | P14: - | Q14: - | R14: - | S14: - | T14: - | U14: - | V14: - | W14: - | X14: - | Y14: - | Z14: - | AA14: - | AB14: - | AC14: - | AD14: - | AE14: - | AF14: - | AG14: - | AH14: - | AI14: - | AJ14: - | AK14: - | AL14: - | AM14: - | AN14: - | AO14: - | AP14: - | AQ14: - | AR14: - | AS14: - | AT14: - | AU14: - | AV14: - | AW14: - | AX14: - | AY14: - | AZ14: - | BA14: - | BB14: -
B15: 11 | C15: 686 | D15: 14 | E15: 45618 | F15: DEN | H15: DAL | I15: L, 120-123 | J15: =(_xlfn.TEXTBEFORE(_xlfn.TEXTAFTER($I15,", ",,1),"-",,1,1,))*1 -> 120 | K15: =(_xlfn.TEXTBEFORE(_xlfn.TEXTAFTER($I15,"-",,1)," ",,1,1,))*1 -> 123 | L15: =LEFT(' #StatsTable'!$I15,1) -> L | M15: =IF(' #StatsTable'!$L15="W", M14+1,M14) -> 8 | N15: =IF(' #StatsTable'!$L15="L",N14+1,N14) -> 6 | O15: * | P15: 1.6444444 | Q15: 13 | R15: 22 | S15: 0.591 | T15: 2 | U15: 2 | V15: 1 | W15: 11 | X15: 20 | Y15: 0.55 | Z15: 0.636 | AA15: 5 | AB15: 7 | AC15: 0.714 | AD15: 6 | AE15: 11 | AF15: 17 | AG15: 10 | AH15: 0 | AI15: 0 | AJ15: 3 | AK15: 0 | AL15: 33 | AM15: 33.5 | AN15: 4 | AO15: 0.658 | AP15: 0.636 | AQ15: 0.155 | AR15: 0.343 | AS15: 0.24 | AT15: 0.447 | AU15: 0 | AV15: 0 | AW15: 0.107 | AX15: 0.29 | AY15: 139 | AZ15: 121 | BA15: 33.5 | BB15: 12.2
B16: 12 | C16: 687 | D16: 15 | E16: 45619 | F16: DEN | G16: @ | H16: LAL | I16: W, 127-102 | J16: =(_xlfn.TEXTBEFORE(_xlfn.TEXTAFTER($I16,", ",,1),"-",,1,1,))*1 -> 127 | K16: =(_xlfn.TEXTBEFORE(_xlfn.TEXTAFTER($I16,"-",,1)," ",,1,1,))*1 -> 102 | L16: =LEFT(' #StatsTable'!$I16,1) -> W | M16: =IF(' #StatsTable'!$L16="W", M15+1,M15) -> 9 | N16: =IF(' #StatsTable'!$L16="L",N15+1,N15) -> 6 | O16: * | P16: 1.5256944 | Q16: 12 | R16: 20 | S16: 0.6 | T16: 3 | U16: 7 | V16: 0.429 | W16: 9 | X16: 13 | Y16: 0.692 | Z16: 0.675 | AA16: 7 | AB16: 8 | AC16: 0.875 | AD16: 2 | AE16: 11 | AF16: 13 | AG16: 8 | AH16: 2 | AI16: 1 | AJ16: 6 | AK16: 3 | AL16: 34 | AM16: 30.2 | AN16: 39 | AO16: 0.723 | AP16: 0.675 | AQ16: 0.077 | AR16: 0.313 | AS16: 0.213 | AT16: 0.306 | AU16: 0.026 | AV16: 0.025 | AW16: 0.203 | AX16: 0.357 | AY16: 126 | AZ16: 95 | BA16: 30.2 | BB16: 9.9
B17: 13 | C17: 688 | D17: 16 | E17: 45621 | F17: DEN | H17: NYK | I17: L, 118-145 | J17: =(_xlfn.TEXTBEFORE(_xlfn.TEXTAFTER($I17,", ",,1),"-",,1,1,))*1 -> 118 | K17: =(_xlfn.TEXTBEFORE(_xlfn.TEXTAFTER($I17,"-",,1)," ",,1,1,))*1 -> 145 | L17: =LEFT(' #StatsTable'!$I17,1) -> L | M17: =IF(' #StatsTable'!$L17="W", M16+1,M16) -> 9 | N17: =IF(' #StatsTable'!$L17="L",N16+1,N16) -> 7 | O17: * | P17: 1.3263889 | Q17: 9 | R17: 20 | S17: 0.45 | T17: 2 | U17: 7 | V17: 0.286 | W17: 7 | X17: 13 | Y17: 0.538 | Z17: 0.5 | AA17: 2 | AB17: 2 | AC17: 1 | AD17: 3 | AE17: 4 | AF17: 7 | AG17: 7 | AH17: 1 | AI17: 0 | AJ17: 0 | AK17: 1 | AL17: 22 | AM17: 20.4 | AN17: -20 | AO17: 0.527 | AP17: 0.5 | AQ17: 0.101 | AR17: 0.195 | AS17: 0.139 | AT17: 0.385 | AU17: 0.015 | AV17: 0 | AW17: 0 | AX17: 0.274 | AY17: 127 | AZ17: 144 | BA17: 20.4 | BB17: 7.2
B18: 14 | C18: 689 | D18: 17 | E18: 45623 | F18: DEN | G18: @ | H18: UTA | I18: W, 122-103 | J18: =(_xlfn.TEXTBEFORE(_xlfn.TEXTAFTER($I18,", ",,1),"-",,1,1,))*1 -> 122 | K18: =(_xlfn.TEXTBEFORE(_xlfn.TEXTAFTER($I18,"-",,1)," ",,1,1,))*1 -> 103 | L18: =LEFT(' #StatsTable'!$I18,1) -> W | M18: =IF(' #StatsTable'!$L18="W", M17+1,M17) -> 10 | N18: =IF(' #StatsTable'!$L18="L",N17+1,N17) -> 7 | O18: * | P18: 1.4006944 | Q18: 13 | R18: 19 | S18: 0.684 | T18: 2 | U18: 3 | V18: 0.667 | W18: 11 | X18: 16 | Y18: 0.688 | Z18: 0.737 | AA18: 2 | AB18: 3 | AC18: 0.667 | AD18: 3 | AE18: 7 | AF18: 10 | AG18: 7 | AH18: 1 | AI18: 1 | AJ18: 1 | AK18: 1 | AL18: 30 | AM18: 30.9 | AN18: 20 | AO18: 0.738 | AP18: 0.737 | AQ18: 0.119 | AR18: 0.2 | AS18: 0.166 | AT18: 0.364 | AU18: 0.015 | AV18: 0.03 | AW18: 0.047 | AX18: 0.29 | AY18: 154 | AZ18: 107 | BA18: 30.9 | BB18: 15.3
B19: 15 | C19: 690 | D19: 18 | E19: 45627 | F19: DEN | G19: @ | H19: LAC | I19: L, 122-126 | J19: =(_xlfn.TEXTBEFORE(_xlfn.TEXTAFTER($I19,", ",,1),"-",,1,1,))*1 -> 122 | K19: =(_xlfn.TEXTBEFORE(_xlfn.TEXTAFTER($I19,"-",,1)," ",,1,1,))*1 -> 126 | L19: =LEFT(' #StatsTable'!$I19,1) -> L | M19: =IF(' #StatsTable'!$L19="W", M18+1,M18) -> 10 | N19: =IF(' #StatsTable'!$L19="L",N18+1,N18) -> 8 | O19: * | P19: 1.6277778 | Q19: 12 | R19: 24 | S19: 0.5 | T19: 2 | U19: 7 | V19: 0.286 | W19: 10 | X19: 17 | Y19: 0.588 | Z19: 0.542 | AA19: 2 | AB19: 4 | AC19: 0.5 | AD19: 3 | AE19: 11 | AF19: 14 | AG19: 11 | AH19: 1 | AI19: 1 | AJ19: 5 | AK19: 3 | AL19: 28 | AM19: 23.8 | AN19: -7 | AO19: 0.543 | AP19: 0.542 | AQ19: 0.1 | AR19: 0.307 | AS19: 0.212 | AT19: 0.373 | AU19: 0.012 | AV19: 0.024 | AW19: 0.163 | AX19: 0.342 | AY19: 109 | AZ19: 120 | BA19: 23.8 | BB19: 3.7
B20: 16 | C20: 691 | D20: 19 | E20: 45629 | F20: DEN | H20: GSW | I20: W, 119-115 | J20: =(_xlfn.TEXTBEFORE(_xlfn.TEXTAFTER($I20,", ",,1),"-",,1,1,))*1 -> 119 | K20: =(_xlfn.TEXTBEFORE(_xlfn.TEXTAFTER($I20,"-",,1)," ",,1,1,))*1 -> 115 | L20: =LEFT(' #StatsTable'!$I20,1) -> W | M20: =IF(' #StatsTable'!$L20="W", M19+1,M19) -> 11 | N20: =IF(' #StatsTable'!$L20="L",N19+1,N19) -> 8 | O20: * | P20: 1.6680556 | Q20: 14 | R20: 24 | S20: 0.583 | T20: 3 | U20: 4 | V20: 0.75 | W20: 11 | X20: 20 | Y20: 0.55 | Z20: 0.646 | AA20: 7 | AB20: 9 | AC20: 0.778 | AD20: 2 | AE20: 8 | AF20: 10 | AG20: 6 | AH20: 5 | AI20: 1 | AJ20: 4 | AK20: 1 | AL20: 38 | AM20: 35.3 | AN20: 23 | AO20: 0.68 | AP20: 0.646 | AQ20: 0.058 | AR20: 0.213 | AS20: 0.139 | AT20: 0.31 | AU20: 0.057 | AV20: 0.021 | AW20: 0.125 | AX20: 0.35 | AY20: 120 | AZ20: 100 | BA20: 35.3 | BB20: 14.2
B21: 17 | C21: 692 | D21: 20 | E21: 45631 | F21: DEN | G21: @ | H21: CLE | I21: L, 114-126 | J21: =(_xlfn.TEXTBEFORE(_xlfn.TEXTAFTER($I21,", ",,1),"-",,1,1,))*1 -> 114 | K21: =(_xlfn.TEXTBEFORE(_xlfn.TEXTAFTER($I21,"-",,1)," ",,1,1,))*1 -> 126 | L21: =LEFT(' #StatsTable'!$I21,1) -> L | M21: =IF(' #StatsTable'!$L21="W", M20+1,M20) -> 11 | N21: =IF(' #StatsTable'!$L21="L",N20+1,N20) -> 9 | O21: * | P21: 1.6111111 | Q21: 13 | R21: 26 | S21: 0.5 | T21: 0 | U21: 3 | V21: 0 | W21: 13 | X21: 23 | Y21: 0.565 | Z21: 0.5 | AA21: 1 | AB21: 1 | AC21: 1 | AD21: 3 | AE21: 17 | AF21: 20 | AG21: 11 | AH21: 3 | AI21: 0 | AJ21: 3 | AK21: 3 | AL21: 27 | AM21: 27.7 | AN21: -8 | AO21: 0.511 | AP21: 0.5 | AQ21: 0.079 | AR21: 0.431 | AS21: 0.259 | AT21: 0.457 | AU21: 0.034 | AV21: 0 | AW21: 0.102 | AX21: 0.3 | AY21: 109 | AZ21: 108 | BA21: 27.7 | BB21: 10.3
B22: 18 | C22: 693 | D22: 21 | E22: 45633 | F22: DEN | G22: @ | H22: WAS | I22: L, 113-122 | J22: =(_xlfn.TEXTBEFORE(_xlfn.TEXTAFTER($I22,", ",,1),"-",,1,1,))*1 -> 113 | K22: =(_xlfn.TEXTBEFORE(_xlfn.TEXTAFTER($I22,"-",,1)," ",,1,1,))*1 -> 122 | L22: =LEFT(' #StatsTable'!$I22,1) -> L | M22: =IF(' #StatsTable'!$L22="W", M21+1,M21) -> 11 | N22: =IF(' #StatsTable'!$L22="L",N21+1,N21) -> 10 | O22: * | P22: 1.6104167 | Q22: 22 | R22: 39 | S22: 0.564 | T22: 3 | U22: 6 | V22: 0.5 | W22: 19 | X22: 33 | Y22: 0.576 | Z22: 0.603 | AA22: 9 | AB22: 13 | AC22: 0.692 | AD22: 7 | AE22: 9 | AF22: 16 | AG22: 8 | AH22: 1 | AI22: 0 | AJ22: 5 | AK22: 5 | AL22: 56 | AM22: 43.1 | AN22: -1 | AO22: 0.626 | AP22: 0.603 | AQ22: 0.185 | AR22: 0.238 | AS22: 0.211 | AT22: 0.532 | AU22: 0.012 | AV22: 0 | AW22: 0.101 | AX22: 0.507 | AY22: 124 | AZ22: 118 | BA22: 43.1 | BB22: 16.9
B23: 19 | C23: 694 | D23: 22 | E23: 45634 | F23: DEN | G23: @ | H23: ATL | I23: W, 141-111 | J23: =(_xlfn.TEXTBEFORE(_xlfn.TEXTAFTER($I23,", ",,1),"-",,1,1,))*1 -> 141 | K23: =(_xlfn.TEXTBEFORE(_xlfn.TEXTAFTER($I23,"-",,1)," ",,1,1,))*1 -> 111 | L23: =LEFT(' #StatsTable'!$I23,1) -> W | M23: =IF(' #StatsTable'!$L23="W", M22+1,M22) -> 12 | N23: =IF(' #StatsTable'!$L23="L",N22+1,N22) -> 10 | O23: * | P23: 1.4604167 | Q23: 17 | R23: 29 | S23: 0.586 | T23: 3 | U23: 6 | V23: 0.5 | W23: 14 | X23: 23 | Y23: 0.609 | Z23: 0.638 | AA23: 11 | AB23: 13 | AC23: 0.846 | AD23: 3 | AE23: 11 | AF23: 14 | AG23: 8 | AH23: 3 | AI23: 0 | AJ23: 3 | AK23: 2 | AL23: 48 | AM23: 43.9 | AN23: 25 | AO23: 0.691 | AP23: 0.638 | AQ23: 0.124 | AR23: 0.274 | AS23: 0.218 | AT23: 0.335 | AU23: 0.039 | AV23: 0 | AW23: 0.08 | AX23: 0.432 | AY23: 137 | AZ23: 94 | BA23: 43.9 | BB23: 15.7
B24: 20 | C24: 695 | D24: 23 | E24: 45639 | F24: DEN | H24: LAC | I24: W, 120-98 | J24: =(_xlfn.TEXTBEFORE(_xlfn.TEXTAFTER($I24,", ",,1),"-",,1,1,))*1 -> 120 | K24: =(_xlfn.TEXTBEFORE(_xlfn.TEXTAFTER($I24,"-",,1)," ",,1,1,))*1 -> 98 | L24: =LEFT(' #StatsTable'!$I24,1) -> W | M24: =IF(' #StatsTable'!$L24="W", M23+1,M23) -> 13 | N24: =IF(' #StatsTable'!$L24="L",N23+1,N23) -> 10 | O24: * | P24: 1.2479167 | Q24: 6 | R24: 9 | S24: 0.667 | T24: 2 | U24: 2 | V24: 1 | W24: 4 | X24: 7 | Y24: 0.571 | Z24: 0.778 | AA24: 2 | AB24: 4 | AC24: 0.5 | AD24: 0 | AE24: 7 | AF24: 7 | AG24: 2 | AH24: 2 | AI24: 0 | AJ24: 5 | AK24: 2 | AL24: 16 | AM24: 11 | AN24: 14 | AO24: 0.743 | AP24: 0.778 | AQ24: 0 | AR24: 0.244 | AS24: 0.146 | AT24: 0.099 | AU24: 0.031 | AV24: 0 | AW24: 0.317 | AX24: 0.223 | AY24: 97 | AZ24: 93 | BA24: 11 | BB24: 0.4
B25: 21 | C25: 696 | D25: 24 | E25: 45642 | F25: DEN | G25: @ | H25: SAC | I25: W, 130-129 | J25: =(_xlfn.TEXTBEFORE(_xlfn.TEXTAFTER($I25,", ",,1),"-",,1,1,))*1 -> 130 | K25: =(_xlfn.TEXTBEFORE(_xlfn.TEXTAFTER($I25,"-",,1)," ",,1,1,))*1 -> 129 | L25: =LEFT(' #StatsTable'!$I25,1) -> W | M25: =IF(' #StatsTable'!$L25="W", M24+1,M24) -> 14 | N25: =IF(' #StatsTable'!$L25="L",N24+1,N24) -> 10 | O25: * | P25: 1.5958333 | Q25: 8 | R25: 19 | S25: 0.421 | T25: 1 | U25: 6 | V25: 0.167 | W25: 7 | X25: 13 | Y25: 0.538 | Z25: 0.447 | AA25: 3 | AB25: 4 | AC25: 0.75 | AD25: 2 | AE25: 12 | AF25: 14 | AG25: 13 | AH25: 2 | AI25: 1 | AJ25: 5 | AK25: 0 | AL25: 20 | AM25: 21.3 | AN25: 4 | AO25: 0.482 | AP25: 0.447 | AQ25: 0.054 | AR25: 0.295 | AS25: 0.181 | AT25: 0.398 | AU25: 0.023 | AV25: 0.019 | AW25: 0.194 | AX25: 0.253 | AY25: 105 | AZ25: 113 | BA25: 21.3 | BB25: 4.5
B26: 22 | C26: 697 | D26: 25 | E26: 45645 | F26: DEN | G26: @ | H26: POR | I26: L, 124-126 | J26: =(_xlfn.TEXTBEFORE(_xlfn.TEXTAFTER($I26,", ",,1),"-",,1,1,))*1 -> 124 | K26: =(_xlfn.TEXTBEFORE(_xlfn.TEXTAFTER($I26,"-",,1)," ",,1,1,))*1 -> 126 | L26: =LEFT(' #StatsTable'!$I26,1) -> L | M26: =IF(' #StatsTable'!$L26="W", M25+1,M25) -> 14 | N26: =IF(' #StatsTable'!$L26="L",N25+1,N25) -> 11 | O26: * | P26: 1.5256944 | Q26: 13 | R26: 18 | S26: 0.722 | T26: 4 | U26: 6 | V26: 0.667 | W26: 9 | X26: 12 | Y26: 0.75 | Z26: 0.833 | AA26: 4 | AB26: 4 | AC26: 1 | AD26: 0 | AE26: 6 | AF26: 6 | AG26: 8 | AH26: 1 | AI26: 0 | AJ26: 3 | AK26: 4 | AL26: 34 | AM26: 30.4 | AN26: -5 | AO26: 0.86 | AP26: 0.833 | AQ26: 0 | AR26: 0.167 | AS26: 0.093 | AT26: 0.35 | AU26: 0.013 | AV26: 0 | AW26: 0.132 | AX26: 0.278 | AY26: 150 | AZ26: 128 | BA26: 30.4 | BB26: 12.8
B27: 23 | C27: 698 | D27: 26 | E27: 45648 | F27: DEN | G27: @ | H27: NOP | I27: W, 132-129 (OT) | J27: =(_xlfn.TEXTBEFORE(_xlfn.TEXTAFTER($I27,", ",,1),"-",,1,1,))*1 -> 132 | K27: =(_xlfn.TEXTBEFORE(_xlfn.TEXTAFTER($I27,"-",,1)," ",,1,1,))*1 -> 129 | L27: =LEFT(' #StatsTable'!$I27,1) -> W | M27: =IF(' #StatsTable'!$L27="W", M26+1,M26) -> 15 | N27: =IF(' #StatsTable'!$L27="L",N26+1,N26) -> 11 | O27: * | P27: 1.7736111 | Q27: 11 | R27: 20 | S27: 0.55 | T27: 2 | U27: 3 | V27: 0.667 | W27: 9 | X27: 17 | Y27: 0.529 | Z27: 0.6 | AA27: 3 | AB27: 5 | AC27: 0.6 | AD27: 2 | AE27: 11 | AF27: 13 | AG27: 10 | AH27: 1 | AI27: 1 | AJ27: 3 | AK27: 5 | AL27: 27 | AM27: 25 | AN27: 6 | AO27: 0.608 | AP27: 0.6 | AQ27: 0.052 | AR27: 0.28 | AS27: 0.167 | AT27: 0.353 | AU27: 0.01 | AV27: 0.018 | AW27: 0.119 | AX27: 0.236 | AY27: 124 | AZ27: 108 | BA27: 25 | BB27: 4.9
B28: 24 | C28: 699 | D28: 27 | E28: 45649 | F28: DEN | H28: PHO | I28: W, 117-90 | J28: =(_xlfn.TEXTBEFORE(_xlfn.TEXTAFTER($I28,", ",,1),"-",,1,1,))*1 -> 117 | K28: =(_xlfn.TEXTBEFORE(_xlfn.TEXTAFTER($I28,"-",,1)," ",,1,1,))*1 -> 90 | L28: =LEFT(' #StatsTable'!$I28,1) -> W | M28: =IF(' #StatsTable'!$L28="W", M27+1,M27) -> 16 | N28: =IF(' #StatsTable'!$L28="L",N27+1,N27) -> 11 | O28: * | P28: 1.2395833 | Q28: 12 | R28: 17 | S28: 0.706 | T28: 4 | U28: 6 | V28: 0.667 | W28: 8 | X28: 11 | Y28: 0.727 | Z28: 0.824 | AA28: 4 | AB28: 5 | AC28: 0.8 | AD28: 0 | AE28: 2 | AF28: 2 | AG28: 7 | AH28: 0 | AI28: 0 | AJ28: 1 | AK28: 1 | AL28: 32 | AM28: 28.6 | AN28: 19 | AO28: 0.833 | AP28: 0.824 | AQ28: 0 | AR28: 0.073 | AS28: 0.038 | AT28: 0.424 | AU28: 0 | AV28: 0 | AW28: 0.05 | AX28: 0.305 | AY28: 162 | AZ28: 104 | BA28: 28.6 | BB28: 21.6
B29: 25 | C29: 700 | D29: 28 | E29: 45651 | F29: DEN | G29: @ | H29: PHO | I29: L, 100-110 | J29: =(_xlfn.TEXTBEFORE(_xlfn.TEXTAFTER($I29,", ",,1),"-",,1,1,))*1 -> 100 | K29: =(_xlfn.TEXTBEFORE(_xlfn.TEXTAFTER($I29,"-",,1)," ",,1,1,))*1 -> 110 | L29: =LEFT(' #StatsTable'!$I29,1) -> L | M29: =IF(' #StatsTable'!$L29="W", M28+1,M28) -> 16 | N29: =IF(' #StatsTable'!$L29="L",N28+1,N28) -> 12 | O29: * | P29: 1.575 | Q29: 10 | R29: 19 | S29: 0.526 | T29: 2 | U29: 7 | V29: 0.286 | W29: 8 | X29: 12 | Y29: 0.667 | Z29: 0.579 | AA29: 3 | AB29: 4 | AC29: 0.75 | AD29: 5 | AE29: 10 | AF29: 15 | AG29: 2 | AH29: 2 | AI29: 0 | AJ29: 2 | AK29: 1 | AL29: 25 | AM29: 22.8 | AN29: -3 | AO29: 0.602 | AP29: 0.579 | AQ29: 0.144 | AR29: 0.289 | AS29: 0.216 | AT29: 0.109 | AU29: 0.028 | AV29: 0 | AW29: 0.088 | AX29: 0.272 | AY29: 124 | AZ29: 112 | BA29: 22.8 | BB29: 8.9
B30: 26 | C30: 701 | D30: 29 | E30: 45653 | F30: DEN | H30: CLE | I30: L, 135-149 | J30: =(_xlfn.TEXTBEFORE(_xlfn.TEXTAFTER($I30,", ",,1),"-",,1,1,))*1 -> 135 | K30: =(_xlfn.TEXTBEFORE(_xlfn.TEXTAFTER($I30,"-",,1)," ",,1,1,))*1 -> 149 | L30: =LEFT(' #StatsTable'!$I30,1) -> L | M30: =IF(' #StatsTable'!$L30="W", M29+1,M29) -> 16 | N30: =IF(' #StatsTable'!$L30="L",N29+1,N29) -> 13 | O30: * | P30: 1.4895833 | Q30: 12 | R30: 19 | S30: 0.632 | T30: 0 | U30: 3 | V30: 0 | W30: 12 | X30: 16 | Y30: 0.75 | Z30: 0.632 | AA30: 3 | AB30: 4 | AC30: 0.75 | AD30: 3 | AE30: 11 | AF30: 14 | AG30: 13 | AH30: 3 | AI30: 0 | AJ30: 1 | AK30: 1 | AL30: 27 | AM30: 34.2 | AN30: -15 | AO30: 0.65 | AP30: 0.632 | AQ30: 0.109 | AR30: 0.379 | AS30: 0.247 | AT30: 0.473 | AU30: 0.038 | AV30: 0 | AW30: 0.046 | AX30: 0.254 | AY30: 150 | AZ30: 134 | BA30: 34.2 | BB30: 14.7
B31: 27 | C31: 702 | D31: 30 | E31: 45654 | F31: DEN | H31: DET | I31: W, 134-121 | J31: =(_xlfn.TEXTBEFORE(_xlfn.TEXTAFTER($I31,", ",,1),"-",,1,1,))*1 -> 134 | K31: =(_xlfn.TEXTBEFORE(_xlfn.TEXTAFTER($I31,"-",,1)," ",,1,1,))*1 -> 121 | L31: =LEFT(' #StatsTable'!$I31,1) -> W | M31: =IF(' #StatsTable'!$L31="W", M30+1,M30) -> 17 | N31: =IF(' #StatsTable'!$L31="L",N30+1,N30) -> 13 | O31: * | P31: 1.5513889 | Q31: 11 | R31: 17 | S31: 0.647 | T31: 4 | U31: 5 | V31: 0.8 | W31: 7 | X31: 12 | Y31: 0.583 | Z31: 0.765 | AA31: 11 | AB31: 14 | AC31: 0.786 | AD31: 1 | AE31: 8 | AF31: 9 | AG31: 8 | AH31: 0 | AI31: 0 | AJ31: 2 | AK31: 4 | AL31: 37 | AM31: 33.4 | AN31: 25 | AO31: 0.799 | AP31: 0.765 | AQ31: 0.038 | AR31: 0.219 | AS31: 0.143 | AT31: 0.324 | AU31: 0 | AV31: 0 | AW31: 0.079 | AX31: 0.29 | AY31: 158 | AZ31: 123 | BA31: 33.4 | BB31: 12.1
B32: 28 | C32: 703 | D32: 31 | E32: 45656 | F32: DEN | G32: @ | H32: UTA | I32: W, 132-121 | J32: =(_xlfn.TEXTBEFORE(_xlfn.TEXTAFTER($I32,", ",,1),"-",,1,1,))*1 -> 132 | K32: =(_xlfn.TEXTBEFORE(_xlfn.TEXTAFTER($I32,"-",,1)," ",,1,1,))*1 -> 121 | L32: =LEFT(' #StatsTable'!$I32,1) -> W | M32: =IF(' #StatsTable'!$L32="W", M31+1,M31) -> 18 | N32: =IF(' #StatsTable'!$L32="L",N31+1,N31) -> 13 | O32: * | P32: 1.5958333 | Q32: 14 | R32: 33 | S32: 0.424 | T32: 3 | U32: 9 | V32: 0.333 | W32: 11 | X32: 24 | Y32: 0.458 | Z32: 0.47 | AA32: 5 | AB32: 6 | AC32: 0.833 | AD32: 7 | AE32: 15 | AF32: 22 | AG32: 11 | AH32: 4 | AI32: 0 | AJ32: 2 | AK32: 0 | AL32: 36 | AM32: 37.2 | AN32: 20 | AO32: 0.505 | AP32: 0.47 | AQ32: 0.187 | AR32: 0.459 | AS32: 0.313 | AT32: 0.389 | AU32: 0.049 | AV32: 0 | AW32: 0.053 | AX32: 0.392 | AY32: 125 | AZ32: 110 | BA32: 37.2 | BB32: 13.6
B33: 29 | C33: 704 | D33: 32 | E33: 45658 | F33: DEN | H33: ATL | I33: W, 139-120 | J33: =(_xlfn.TEXTBEFORE(_xlfn.TEXTAFTER($I33,", ",,1),"-",,1,1,))*1 -> 139 | K33: =(_xlfn.TEXTBEFORE(_xlfn.TEXTAFTER($I33,"-",,1)," ",,1,1,))*1 -> 120 | L33: =LEFT(' #StatsTable'!$I33,1) -> W | M33: =IF(' #StatsTable'!$L33="W", M32+1,M32) -> 19 | N33: =IF(' #StatsTable'!$L33="L",N32+1,N32) -> 13 | O33: * | P33: 1.2298611 | Q33: 8 | R33: 16 | S33: 0.5 | T33: 1 | U33: 1 | V33: 1 | W33: 7 | X33: 15 | Y33: 0.467 | Z33: 0.531 | AA33: 6 | AB33: 6 | AC33: 1 | AD33: 3 | AE33: 14 | AF33: 17 | AG33: 15 | AH33: 0 | AI33: 1 | AJ33: 2 | AK33: 2 | AL33: 23 | AM33: 29.7 | AN33: 31 | AO33: 0.617 | AP33: 0.531 | AQ33: 0.136 | AR33: 0.446 | AS33: 0.318 | AT33: 0.61 | AU33: 0 | AV33: 0.03 | AW33: 0.097 | AX33: 0.289 | AY33: 139 | AZ33: 104 | BA33: 29.7 | BB33: 15.1
B34: 30 | C34: 705 | D34: 33 | E34: 45660 | F34: DEN | H34: SAS | I34: L, 110-113 | J34: =(_xlfn.TEXTBEFORE(_xlfn.TEXTAFTER($I34,", ",,1),"-",,1,1,))*1 -> 110 | K34: =(_xlfn.TEXTBEFORE(_xlfn.TEXTAFTER($I34,"-",,1)," ",,1,1,))*1 -> 113 | L34: =LEFT(' #StatsTable'!$I34,1) -> L | M34: =IF(' #StatsTable'!$L34="W", M33+1,M33) -> 19 | N34: =IF(' #StatsTable'!$L34="L",N33+1,N33) -> 14 | O34: * | P34: 1.5270833 | Q34: 15 | R34: 36 | S34: 0.417 | T34: 3 | U34: 10 | V34: 0.3 | W34: 12 | X34: 26 | Y34: 0.462 | Z34: 0.458 | AA34: 8 | AB34: 9 | AC34: 0.889 | AD34: 4 | AE34: 14 | AF34: 18 | AG34: 9 | AH34: 2 | AI34: 0 | AJ34: 2 | AK34: 3 | AL34: 41 | AM34: 33.5 | AN34: 7 | AO34: 0.513 | AP34: 0.458 | AQ34: 0.101 | AR34: 0.367 | AS34: 0.231 | AT34: 0.527 | AU34: 0.026 | AV34: 0 | AW34: 0.048 | AX34: 0.49 | AY34: 112 | AZ34: 103 | BA34: 33.5 | BB34: 14.1
B35: 31 | C35: 706 | D35: 34 | E35: 45661 | F35: DEN | G35: @ | H35: SAS | I35: W, 122-111 (OT) | J35: =(_xlfn.TEXTBEFORE(_xlfn.TEXTAFTER($I35,", ",,1),"-",,1,1,))*1 -> 122 | K35: =(_xlfn.TEXTBEFORE(_xlfn.TEXTAFTER($I35,"-",,1)," ",,1,1,))*1 -> 111 | L35: =LEFT(' #StatsTable'!$I35,1) -> W | M35: =IF(' #StatsTable'!$L35="W", M34+1,M34) -> 20 | N35: =IF(' #StatsTable'!$L35="L",N34+1,N34) -> 14 | O35: * | P35: 1.8048611 | Q35: 19 | R35: 35 | S35: 0.543 | T35: 3 | U35: 8 | V35: 0.375 | W35: 16 | X35: 27 | Y35: 0.593 | Z35: 0.586 | AA35: 5 | AB35: 6 | AC35: 0.833 | AD35: 4 | AE35: 5 | AF35: 9 | AG35: 10 | AH35: 2 | AI35: 2 | AJ35: 2 | AK35: 3 | AL35: 46 | AM35: 40.2 | AN35: 7 | AO35: 0.611 | AP35: 0.586 | AQ35: 0.083 | AR35: 0.107 | AS35: 0.095 | AT35: 0.515 | AU35: 0.022 | AV35: 0.044 | AW35: 0.05 | AX35: 0.388 | AY35: 127 | AZ35: 102 | BA35: 40.2 | BB35: 20.1
B36: 31 | D36: 35 | E36: 45664 | F36: DEN | H36: BOS | I36: L, 106-118 | J36: =(_xlfn.TEXTBEFORE(_xlfn.TEXTAFTER($I36,", ",,1),"-",,1,1,))*1 -> 106 | K36: =(_xlfn.TEXTBEFORE(_xlfn.TEXTAFTER($I36,"-",,1)," ",,1,1,))*1 -> 118 | L36: =LEFT(' #StatsTable'!$I36,1) -> L | M36: =IF(' #StatsTable'!$L36="W", M35+1,M35) -> 20 | N36: =IF(' #StatsTable'!$L36="L",N35+1,N35) -> 15 | O36: Inactive | P36: - | Q36: - | R36: - | S36: - | T36: - | U36: - | V36: - | W36: - | X36: - | Y36: - | Z36: - | AA36: - | AB36: - | AC36: - | AD36: - | AE36: - | AF36: - | AG36: - | AH36: - | AI36: - | AJ36: - | AK36: - | AL36: - | AM36: - | AN36: - | AO36: - | AP36: - | AQ36: - | AR36: - | AS36: - | AT36: - | AU36: - | AV36: - | AW36: - | AX36: - | AY36: - | AZ36: - | BA36: - | BB36: -
B37: 31 | D37: 36 | E37: 45665 | F37: DEN | H37: LAC | I37: W, 126-103 | J37: =(_xlfn.TEXTBEFORE(_xlfn.TEXTAFTER($I37,", ",,1),"-",,1,1,))*1 -> 126 | K37: =(_xlfn.TEXTBEFORE(_xlfn.TEXTAFTER($I37,"-",,1)," ",,1,1,))*1 -> 103 | L37: =LEFT(' #StatsTable'!$I37,1) -> W | M37: =IF(' #StatsTable'!$L37="W", M36+1,M36) -> 21 | N37: =IF(' #StatsTable'!$L37="L",N36+1,N36) -> 15 | O37: Inactive | P37: - | Q37: - | R37: - | S37: - | T37: - | U37: - | V37: - | W37: - | X37: - | Y37: - | Z37: - | AA37: - | AB37: - | AC37: - | AD37: - | AE37: - | AF37: - | AG37: - | AH37: - | AI37: - | AJ37: - | AK37: - | AL37: - | AM37: - | AN37: - | AO37: - | AP37: - | AQ37: - | AR37: - | AS37: - | AT37: - | AU37: - | AV37: - | AW37: - | AX37: - | AY37: - | AZ37: - | BA37: - | BB37: -
B38: 32 | C38: 707 | D38: 37 | E38: 45667 | F38: DEN | H38: BRK | I38: W, 124-105 | J38: =(_xlfn.TEXTBEFORE(_xlfn.TEXTAFTER($I38,", ",,1),"-",,1,1,))*1 -> 124 | K38: =(_xlfn.TEXTBEFORE(_xlfn.TEXTAFTER($I38,"-",,1)," ",,1,1,))*1 -> 105 | L38: =LEFT(' #StatsTable'!$I38,1) -> W | M38: =IF(' #StatsTable'!$L38="W", M37+1,M37) -> 22 | N38: =IF(' #StatsTable'!$L38="L",N37+1,N37) -> 15 | O38: * | P38: 1.5909722 | Q38: 14 | R38: 21 | S38: 0.667 | T38: 1 | U38: 1 | V38: 1 | W38: 13 | X38: 20 | Y38: 0.65 | Z38: 0.69 | AA38: 6 | AB38: 8 | AC38: 0.75 | AD38: 5 | AE38: 7 | AF38: 12 | AG38: 15 | AH38: 4 | AI38: 0 | AJ38: 1 | AK38: 1 | AL38: 35 | AM38: 43.8 | AN38: 33 | AO38: 0.714 | AP38: 0.69 | AQ38: 0.153 | AR38: 0.187 | AS38: 0.171 | AT38: 0.688 | AU38: 0.049 | AV38: 0 | AW38: 0.039 | AX38: 0.275 | AY38: 160 | AZ38: 97 | BA38: 43.8 | BB38: 25.1
B39: 33 | C39: 708 | D39: 38 | E39: 45669 | F39: DEN | G39: @ | H39: DAL | I39: W, 112-101 | J39: =(_xlfn.TEXTBEFORE(_xlfn.TEXTAFTER($I39,", ",,1),"-",,1,1,))*1 -> 112 | K39: =(_xlfn.TEXTBEFORE(_xlfn.TEXTAFTER($I39,"-",,1)," ",,1,1,))*1 -> 101 | L39: =LEFT(' #StatsTable'!$I39,1) -> W | M39: =IF(' #StatsTable'!$L39="W", M38+1,M38) -> 23 | N39: =IF(' #StatsTable'!$L39="L",N38+1,N38) -> 15 | O39: * | P39: 1.6097222 | Q39: 6 | R39: 13 | S39: 0.462 | T39: 0 | U39: 2 | V39: 0 | W39: 6 | X39: 11 | Y39: 0.545 | Z39: 0.462 | AA39: 7 | AB39: 9 | AC39: 0.778 | AD39: 4 | AE39: 14 | AF39: 18 | AG39: 9 | AH39: 3 | AI39: 0 | AJ39: 4 | AK39: 4 | AL39: 19 | AM39: 22.2 | AN39: -2 | AO39: 0.56 | AP39: 0.462 | AQ39: 0.113 | AR39: 0.362 | AS39: 0.243 | AT39: 0.29 | AU39: 0.038 | AV39: 0 | AW39: 0.191 | AX39: 0.223 | AY39: 118 | AZ39: 94 | BA39: 22.2 | BB39: 8.6
B40: 34 | C40: 709 | D40: 39 | E40: 45671 | F40: DEN | G40: @ | H40: DAL | I40: W, 118-99 | J40: =(_xlfn.TEXTBEFORE(_xlfn.TEXTAFTER($I40,", ",,1),"-",,1,1,))*1 -> 118 | K40: =(_xlfn.TEXTBEFORE(_xlfn.TEXTAFTER($I40,"-",,1)," ",,1,1,))*1 -> 99 | L40: =LEFT(' #StatsTable'!$I40,1) -> W | M40: =IF(' #StatsTable'!$L40="W", M39+1,M39) -> 24 | N40: =IF(' #StatsTable'!$L40="L",N39+1,N39) -> 15 | O40: * | P40: 1.2055556 | Q40: 4 | R40: 7 | S40: 0.571 | T40: 1 | U40: 2 | V40: 0.5 | W40: 3 | X40: 5 | Y40: 0.6 | Z40: 0.643 | AA40: 1 | AB40: 2 | AC40: 0.5 | AD40: 2 | AE40: 12 | AF40: 14 | AG40: 10 | AH40: 2 | AI40: 0 | AJ40: 1 | AK40: 3 | AL40: 10 | AM40: 18.1 | AN40: 23 | AO40: 0.635 | AP40: 0.643 | AQ40: 0.101 | AR40: 0.415 | AS40: 0.287 | AT40: 0.456 | AU40: 0.033 | AV40: 0 | AW40: 0.113 | AX40: 0.131 | AY40: 155 | AZ40: 92 | BA40: 18.1 | BB40: 13.2
B41: 34 | D41: 40 | E41: 45672 | F41: DEN | H41: HOU | I41: L, 108-128 | J41: =(_xlfn.TEXTBEFORE(_xlfn.TEXTAFTER($I41,", ",,1),"-",,1,1,))*1 -> 108 | K41: =(_xlfn.TEXTBEFORE(_xlfn.TEXTAFTER($I41,"-",,1)," ",,1,1,))*1 -> 128 | L41: =LEFT(' #StatsTable'!$I41,1) -> L | M41: =IF(' #StatsTable'!$L41="W", M40+1,M40) -> 24 | N41: =IF(' #StatsTable'!$L41="L",N40+1,N40) -> 16 | O41: Inactive | P41: - | Q41: - | R41: - | S41: - | T41: - | U41: - | V41: - | W41: - | X41: - | Y41: - | Z41: - | AA41: - | AB41: - | AC41: - | AD41: - | AE41: - | AF41: - | AG41: - | AH41: - | AI41: - | AJ41: - | AK41: - | AL41: - | AM41: - | AN41: - | AO41: - | AP41: - | AQ41: - | AR41: - | AS41: - | AT41: - | AU41: - | AV41: - | AW41: - | AX41: 0 | AY41: - | AZ41: - | BA41: - | BB41: -
B42: 35 | C42: 710 | D42: 41 | E42: 45674 | F42: DEN | G42: @ | H42: MIA | I42: W, 133-113 | J42: =(_xlfn.TEXTBEFORE(_xlfn.TEXTAFTER($I42,", ",,1),"-",,1,1,))*1 -> 133 | K42: =(_xlfn.TEXTBEFORE(_xlfn.TEXTAFTER($I42,"-",,1)," ",,1,1,))*1 -> 113 | L42: =LEFT(' #StatsTable'!$I42,1) -> W | M42: =IF(' #StatsTable'!$L42="W", M41+1,M41) -> 25 | N42: =IF(' #StatsTable'!$L42="L",N41+1,N41) -> 16 | O42: * | P42: 1.2756944 | Q42: 9 | R42: 12 | S42: 0.75 | T42: 1 | U42: 2 | V42: 0.5 | W42: 8 | X42: 10 | Y42: 0.8 | Z42: 0.792 | AA42: 5 | AB42: 5 | AC42: 1 | AD42: 2 | AE42: 10 | AF42: 12 | AG42: 10 | AH42: 1 | AI42: 0 | AJ42: 2 | AK42: 1 | AL42: 24 | AM42: 29.2 | AN42: 6 | AO42: 0.845 | AP42: 0.792 | AQ42: 0.075 | AR42: 0.392 | AS42: 0.229 | AT42: 0.437 | AU42: 0.016 | AV42: 0 | AW42: 0.123 | AX42: 0.239 | AY42: 165 | AZ42: 112 | BA42: 29.2 | BB42: 18.2
B43: 36 | C43: 711 | D43: 42 | E43: 45676 | F43: DEN | G43: @ | H43: ORL | I43: W, 113-100 | J43: =(_xlfn.TEXTBEFORE(_xlfn.TEXTAFTER($I43,", ",,1),"-",,1,1,))*1 -> 113 | K43: =(_xlfn.TEXTBEFORE(_xlfn.TEXTAFTER($I43,"-",,1)," ",,1,1,))*1 -> 100 | L43: =LEFT(' #StatsTable'!$I43,1) -> W | M43: =IF(' #StatsTable'!$L43="W", M42+1,M42) -> 26 | N43: =IF(' #StatsTable'!$L43="L",N42+1,N42) -> 16 | O43: * | P43: 1.2548611 | Q43: 7 | R43: 9 | S43: 0.778 | T43: 0 | U43: 0 | V43: - | W43: 7 | X43: 9 | Y43: 0.778 | Z43: 0.778 | AA43: 6 | AB43: 7 | AC43: 0.857 | AD43: 1 | AE43: 13 | AF43: 14 | AG43: 10 | AH43: 3 | AI43: 3 | AJ43: 2 | AK43: 0 | AL43: 20 | AM43: 30.8 | AN43: 20 | AO43: 0.828 | AP43: 0.778 | AQ43: 0.044 | AR43: 0.345 | AS43: 0.232 | AT43: 0.553 | AU43: 0.049 | AV43: 0.078 | AW43: 0.142 | AX43: 0.201 | AY43: 161 | AZ43: 82 | BA43: 30.8 | BB43: 29
B44: 37 | C44: 712 | D44: 43 | E44: 45678 | F44: DEN | H44: PHI | I44: W, 144-109 | J44: =(_xlfn.TEXTBEFORE(_xlfn.TEXTAFTER($I44,", ",,1),"-",,1,1,))*1 -> 144 | K44: =(_xlfn.TEXTBEFORE(_xlfn.TEXTAFTER($I44,"-",,1)," ",,1,1,))*1 -> 109 | L44: =LEFT(' #StatsTable'!$I44,1) -> W | M44: =IF(' #StatsTable'!$L44="W", M43+1,M43) -> 27 | N44: =IF(' #StatsTable'!$L44="L",N43+1,N43) -> 16 | O44: * | P44: 1.2645833 | Q44: 10 | R44: 15 | S44: 0.667 | T44: 2 | U44: 3 | V44: 0.667 | W44: 8 | X44: 12 | Y44: 0.667 | Z44: 0.733 | AA44: 5 | AB44: 5 | AC44: 1 | AD44: 5 | AE44: 8 | AF44: 13 | AG44: 10 | AH44: 4 | AI44: 1 | AJ44: 2 | AK44: 1 | AL44: 27 | AM44: 35.7 | AN44: 21 | AO44: 0.785 | AP44: 0.733 | AQ44: 0.255 | AR44: 0.281 | AS44: 0.271 | AT44: 0.437 | AU44: 0.066 | AV44: 0.027 | AW44: 0.104 | AX44: 0.276 | AY44: 172 | AZ44: 98 | BA44: 35.7 | BB44: 24.1
B45: 38 | C45: 713 | D45: 44 | E45: 45680 | F45: DEN | H45: SAC | I45: W, 132-123 | J45: =(_xlfn.TEXTBEFORE(_xlfn.TEXTAFTER($I45,", ",,1),"-",,1,1,))*1 -> 132 | K45: =(_xlfn.TEXTBEFORE(_xlfn.TEXTAFTER($I45,"-",,1)," ",,1,1,))*1 -> 123 | L45: =LEFT(' #StatsTable'!$I45,1) -> W | M45: =IF(' #StatsTable'!$L45="W", M44+1,M44) -> 28 | N45: =IF(' #StatsTable'!$L45="L",N44+1,N44) -> 16 | O45: * | P45: 1.5576389 | Q45: 12 | R45: 19 | S45: 0.632 | T45: 2 | U45: 3 | V45: 0.667 | W45: 10 | X45: 16 | Y45: 0.625 | Z45: 0.684 | AA45: 9 | AB45: 10 | AC45: 0.9 | AD45: 3 | AE45: 19 | AF45: 22 | AG45: 17 | AH45: 1 | AI45: 2 | AJ45: 1 | AK45: 5 | AL45: 35 | AM45: 45.2 | AN45: 11 | AO45: 0.748 | AP45: 0.684 | AQ45: 0.076 | AR45: 0.421 | AS45: 0.259 | AT45: 0.65 | AU45: 0.012 | AV45: 0.039 | AW45: 0.041 | AX45: 0.249 | AY45: 169 | AZ45: 102 | BA45: 45.2 | BB45: 26.4
B46: 39 | C46: 714 | D46: 45 | E46: 45682 | F46: DEN | G46: @ | H46: MIN | I46: L, 104-133 | J46: =(_xlfn.TEXTBEFORE(_xlfn.TEXTAFTER($I46,", ",,1),"-",,1,1,))*1 -> 104 | K46: =(_xlfn.TEXTBEFORE(_xlfn.TEXTAFTER($I46,"-",,1)," ",,1,1,))*1 -> 133 | L46: =LEFT(' #StatsTable'!$I46,1) -> L | M46: =IF(' #StatsTable'!$L46="W", M45+1,M45) -> 28 | N46: =IF(' #StatsTable'!$L46="L",N45+1,N45) -> 17 | O46: * | P46: 1.35 | Q46: 9 | R46: 13 | S46: 0.692 | T46: 2 | U46: 4 | V46: 0.5 | W46: 7 | X46: 9 | Y46: 0.778 | Z46: 0.769 | AA46: 0 | AB46: 1 | AC46: 0 | AD46: 1 | AE46: 2 | AF46: 3 | AG46: 11 | AH46: 0 | AI46: 0 | AJ46: 7 | AK46: 0 | AL46: 20 | AM46: 16.1 | AN46: -24 | AO46: 0.744 | AP46: 0.769 | AQ46: 0.036 | AR46: 0.074 | AS46: 0.055 | AT46: 0.549 | AU46: 0 | AV46: 0 | AW46: 0.342 | AX46: 0.266 | AY46: 109 | AZ46: 142 | BA46: 16.1 | BB46: 4.9
B47: 40 | C47: 715 | D47: 46 | E47: 45684 | F47: DEN | G47: @ | H47: CHI | I47: L, 121-129 | J47: =(_xlfn.TEXTBEFORE(_xlfn.TEXTAFTER($I47,", ",,1),"-",,1,1,))*1 -> 121 | K47: =(_xlfn.TEXTBEFORE(_xlfn.TEXTAFTER($I47,"-",,1)," ",,1,1,))*1 -> 129 | L47: =LEFT(' #StatsTable'!$I47,1) -> L | M47: =IF(' #StatsTable'!$L47="W", M46+1,M46) -> 28 | N47: =IF(' #StatsTable'!$L47="L",N46+1,N46) -> 18 | O47: * | P47: 1.6548611 | Q47: 15 | R47: 21 | S47: 0.714 | T47: 1 | U47: 4 | V47: 0.25 | W47: 14 | X47: 17 | Y47: 0.824 | Z47: 0.738 | AA47: 2 | AB47: 2 | AC47: 1 | AD47: 2 | AE47: 10 | AF47: 12 | AG47: 14 | AH47: 1 | AI47: 1 | AJ47: 4 | AK47: 1 | AL47: 33 | AM47: 35.8 | AN47: 1 | AO47: 0.754 | AP47: 0.738 | AQ47: 0.053 | AR47: 0.281 | AS47: 0.163 | AT47: 0.5 | AU47: 0.012 | AV47: 0.027 | AW47: 0.155 | AX47: 0.261 | AY47: 138 | AZ47: 123 | BA47: 35.8 | BB47: 14.7
B48: 41 | C48: 716 | D48: 47 | E48: 45686 | F48: DEN | G48: @ | H48: NYK | I48: L, 112-122 | J48: =(_xlfn.TEXTBEFORE(_xlfn.TEXTAFTER($I48,", ",,1),"-",,1,1,))*1 -> 112 | K48: =(_xlfn.TEXTBEFORE(_xlfn.TEXTAFTER($I48,"-",,1)," ",,1,1,))*1 -> 122 | L48: =LEFT(' #StatsTable'!$I48,1) -> L | M48: =IF(' #StatsTable'!$L48="W", M47+1,M47) -> 28 | N48: =IF(' #StatsTable'!$L48="L",N47+1,N47) -> 19 | O48: * | P48: 1.3930556 | Q48: 6 | R48: 15 | S48: 0.4 | T48: 3 | U48: 7 | V48: 0.429 | W48: 3 | X48: 8 | Y48: 0.375 | Z48: 0.5 | AA48: 2 | AB48: 2 | AC48: 1 | AD48: 0 | AE48: 6 | AF48: 6 | AG48: 6 | AH48: 2 | AI48: 1 | AJ48: 2 | AK48: 3 | AL48: 17 | AM48: 14.4 | AN48: -3 | AO48: 0.535 | AP48: 0.5 | AQ48: 0 | AR48: 0.205 | AS48: 0.105 | AT48: 0.266 | AU48: 0.03 | AV48: 0.024 | AW48: 0.112 | AX48: 0.237 | AY48: 114 | AZ48: 119 | BA48: 14.4 | BB48: 5.3
B49: 42 | C49: 717 | D49: 48 | E49: 45688 | F49: DEN | G49: @ | H49: PHI | I49: W, 137-134 | J49: =(_xlfn.TEXTBEFORE(_xlfn.TEXTAFTER($I49,", ",,1),"-",,1,1,))*1 -> 137 | K49: =(_xlfn.TEXTBEFORE(_xlfn.TEXTAFTER($I49,"-",,1)," ",,1,1,))*1 -> 134 | L49: =LEFT(' #StatsTable'!$I49,1) -> W | M49: =IF(' #StatsTable'!$L49="W", M48+1,M48) -> 29 | N49: =IF(' #StatsTable'!$L49="L",N48+1,N48) -> 19 | O49: * | P49: 1.5611111 | Q49: 11 | R49: 16 | S49: 0.688 | T49: 2 | U49: 3 | V49: 0.667 | W49: 9 | X49: 13 | Y49: 0.692 | Z49: 0.75 | AA49: 4 | AB49: 5 | AC49: 0.8 | AD49: 2 | AE49: 7 | AF49: 9 | AG49: 13 | AH49: 2 | AI49: 0 | AJ49: 6 | AK49: 3 | AL49: 28 | AM49: 28.2 | AN49: 0 | AO49: 0.769 | AP49: 0.75 | AQ49: 0.102 | AR49: 0.242 | AS49: 0.186 | AT49: 0.417 | AU49: 0.026 | AV49: 0 | AW49: 0.248 | AX49: 0.285 | AY49: 137 | AZ49: 133 | BA49: 28.2 | BB49: 7.6
B50: 43 | C50: 718 | D50: 49 | E50: 45689 | F50: DEN | G50: @ | H50: CHO | I50: W, 107-104 | J50: =(_xlfn.TEXTBEFORE(_xlfn.TEXTAFTER($I50,", ",,1),"-",,1,1,))*1 -> 107 | K50: =(_xlfn.TEXTBEFORE(_xlfn.TEXTAFTER($I50,"-",,1)," ",,1,1,))*1 -> 104 | L50: =LEFT(' #StatsTable'!$I50,1) -> W | M50: =IF(' #StatsTable'!$L50="W", M49+1,M49) -> 30 | N50: =IF(' #StatsTable'!$L50="L",N49+1,N49) -> 19 | O50: * | P50: 1.5229167 | Q50: 9 | R50: 17 | S50: 0.529 | T50: 2 | U50: 7 | V50: 0.286 | W50: 7 | X50: 10 | Y50: 0.7 | Z50: 0.588 | AA50: 8 | AB50: 9 | AC50: 0.889 | AD50: 1 | AE50: 12 | AF50: 13 | AG50: 17 | AH50: 4 | AI50: 1 | AJ50: 4 | AK50: 2 | AL50: 28 | AM50: 35.4 | AN50: -2 | AO50: 0.668 | AP50: 0.588 | AQ50: 0.029 | AR50: 0.328 | AS50: 0.182 | AT50: 0.765 | AU50: 0.053 | AV50: 0.019 | AW50: 0.16 | AX50: 0.304 | AY50: 131 | AZ50: 93 | BA50: 35.4 | BB50: 24.4
B51: 44 | C51: 719 | D51: 50 | E51: 45691 | F51: DEN | H51: NOP | I51: W, 125-113 | J51: =(_xlfn.TEXTBEFORE(_xlfn.TEXTAFTER($I51,", ",,1),"-",,1,1,))*1 -> 125 | K51: =(_xlfn.TEXTBEFORE(_xlfn.TEXTAFTER($I51,"-",,1)," ",,1,1,))*1 -> 113 | L51: =LEFT(' #StatsTable'!$I51,1) -> W | M51: =IF(' #StatsTable'!$L51="W", M50+1,M50) -> 31 | N51: =IF(' #StatsTable'!$L51="L",N50+1,N50) -> 19 | O51: * | P51: 1.5027778 | Q51: 9 | R51: 13 | S51: 0.692 | T51: 1 | U51: 3 | V51: 0.333 | W51: 8 | X51: 10 | Y51: 0.8 | Z51: 0.731 | AA51: 8 | AB51: 10 | AC51: 0.8 | AD51: 1 | AE51: 13 | AF51: 14 | AG51: 10 | AH51: 1 | AI51: 2 | AJ51: 1 | AK51: 2 | AL51: 27 | AM51: 32.9 | AN51: 11 | AO51: 0.776 | AP51: 0.731 | AQ51: 0.032 | AR51: 0.376 | AS51: 0.214 | AT51: 0.391 | AU51: 0.015 | AV51: 0.053 | AW51: 0.054 | AX51: 0.224 | AY51: 167 | AZ51: 112 | BA51: 32.9 | BB51: 19.5
B52: 45 | C52: 720 | D52: 51 | E52: 45693 | F52: DEN | H52: NOP | I52: W, 144-119 | J52: =(_xlfn.TEXTBEFORE(_xlfn.TEXTAFTER($I52,", ",,1),"-",,1,1,))*1 -> 144 | K52: =(_xlfn.TEXTBEFORE(_xlfn.TEXTAFTER($I52,"-",,1)," ",,1,1,))*1 -> 119 | L52: =LEFT(' #StatsTable'!$I52,1) -> W | M52: =IF(' #StatsTable'!$L52="W", M51+1,M51) -> 32 | N52: =IF(' #StatsTable'!$L52="L",N51+1,N51) -> 19 | O52: * | P52: 1.4875 | Q52: 15 | R52: 28 | S52: 0.536 | T52: 5 | U52: 13 | V52: 0.385 | W52: 10 | X52: 15 | Y52: 0.667 | Z52: 0.625 | AA52: 3 | AB52: 3 | AC52: 1 | AD52: 2 | AE52: 6 | AF52: 8 | AG52: 10 | AH52: 1 | AI52: 1 | AJ52: 1 | AK52: 3 | AL52: 38 | AM52: 34.1 | AN52: 24 | AO52: 0.648 | AP52: 0.625 | AQ52: 0.066 | AR52: 0.168 | AS52: 0.121 | AT52: 0.365 | AU52: 0.013 | AV52: 0.021 | AW52: 0.033 | AX52: 0.353 | AY52: 146 | AZ52: 117 | BA52: 34.1 | BB52: 12.2
B53: 46 | C53: 721 | D53: 52 | E53: 45694 | F53: DEN | H53: ORL | I53: W, 112-90 | J53: =(_xlfn.TEXTBEFORE(_xlfn.TEXTAFTER($I53,", ",,1),"-",,1,1,))*1 -> 112 | K53: =(_xlfn.TEXTBEFORE(_xlfn.TEXTAFTER($I53,"-",,1)," ",,1,1,))*1 -> 90 | L53: =LEFT(' #StatsTable'!$I53,1) -> W | M53: =IF(' #StatsTable'!$L53="W", M52+1,M52) -> 33 | N53: =IF(' #StatsTable'!$L53="L",N52+1,N52) -> 19 | O53: * | P53: 1.2965278 | Q53: 11 | R53: 16 | S53: 0.688 | T53: 2 | U53: 4 | V53: 0.5 | W53: 9 | X53: 12 | Y53: 0.75 | Z53: 0.75 | AA53: 4 | AB53: 6 | AC53: 0.667 | AD53: 0 | AE53: 10 | AF53: 10 | AG53: 12 | AH53: 2 | AI53: 0 | AJ53: 3 | AK53: 2 | AL53: 28 | AM53: 30 | AN53: 22 | AO53: 0.751 | AP53: 0.75 | AQ53: 0 | AR53: 0.291 | AS53: 0.168 | AT53: 0.685 | AU53: 0.032 | AV53: 0 | AW53: 0.139 | AX53: 0.297 | AY53: 145 | AZ53: 84 | BA53: 30 | BB53: 24.3
B54: 47 | C54: 722 | D54: 53 | E54: 45696 | F54: DEN | G54: @ | H54: PHO | I54: W, 122-105 | J54: =(_xlfn.TEXTBEFORE(_xlfn.TEXTAFTER($I54,", ",,1),"-",,1,1,))*1 -> 122 | K54: =(_xlfn.TEXTBEFORE(_xlfn.TEXTAFTER($I54,"-",,1)," ",,1,1,))*1 -> 105 | L54: =LEFT(' #StatsTable'!$I54,1) -> W | M54: =IF(' #StatsTable'!$L54="W", M53+1,M53) -> 34 | N54: =IF(' #StatsTable'!$L54="L",N53+1,N53) -> 19 | O54: * | P54: 1.1930556 | Q54: 11 | R54: 13 | S54: 0.846 | T54: 1 | U54: 2 | V54: 0.5 | W54: 10 | X54: 11 | Y54: 0.909 | Z54: 0.885 | AA54: 3 | AB54: 3 | AC54: 1 | AD54: 4 | AE54: 7 | AF54: 11 | AG54: 9 | AH54: 0 | AI54: 0 | AJ54: 2 | AK54: 4 | AL54: 26 | AM54: 28.9 | AN54: 19 | AO54: 0.908 | AP54: 0.885 | AQ54: 0.164 | AR54: 0.202 | AS54: 0.186 | AT54: 0.568 | AU54: 0 | AV54: 0 | AW54: 0.123 | AX54: 0.25 | AY54: 176 | AZ54: 115 | BA54: 28.9 | BB54: 21
B55: 48 | C55: 723 | D55: 54 | E55: 45698 | F55: DEN | H55: POR | I55: W, 146-117 | J55: =(_xlfn.TEXTBEFORE(_xlfn.TEXTAFTER($I55,", ",,1),"-",,1,1,))*1 -> 146 | K55: =(_xlfn.TEXTBEFORE(_xlfn.TEXTAFTER($I55,"-",,1)," ",,1,1,))*1 -> 117 | L55: =LEFT(' #StatsTable'!$I55,1) -> W | M55: =IF(' #StatsTable'!$L55="W", M54+1,M54) -> 35 | N55: =IF(' #StatsTable'!$L55="L",N54+1,N54) -> 19 | O55: * | P55: 1.2819444 | Q55: 15 | R55: 22 | S55: 0.682 | T55: 2 | U55: 7 | V55: 0.286 | W55: 13 | X55: 15 | Y55: 0.867 | Z55: 0.727 | AA55: 8 | AB55: 8 | AC55: 1 | AD55: 1 | AE55: 6 | AF55: 7 | AG55: 8 | AH55: 3 | AI55: 1 | AJ55: 5 | AK55: 2 | AL55: 40 | AM55: 36.6 | AN55: 22 | AO55: 0.784 | AP55: 0.727 | AQ55: 0.054 | AR55: 0.223 | AS55: 0.154 | AT55: 0.341 | AU55: 0.046 | AV55: 0.031 | AW55: 0.164 | AX55: 0.434 | AY55: 135 | AZ55: 107 | BA55: 36.6 | BB55: 14.9
B56: 49 | C56: 724 | D56: 55 | E56: 45700 | F56: DEN | H56: POR | I56: W, 132-121 | J56: =(_xlfn.TEXTBEFORE(_xlfn.TEXTAFTER($I56,", ",,1),"-",,1,1,))*1 -> 132 | K56: =(_xlfn.TEXTBEFORE(_xlfn.TEXTAFTER($I56,"-",,1)," ",,1,1,))*1 -> 121 | L56: =LEFT(' #StatsTable'!$I56,1) -> W | M56: =IF(' #StatsTable'!$L56="W", M55+1,M55) -> 36 | N56: =IF(' #StatsTable'!$L56="L",N55+1,N55) -> 19 | O56: * | P56: 1.5020833 | Q56: 11 | R56: 20 | S56: 0.55 | T56: 0 | U56: 3 | V56: 0 | W56: 11 | X56: 17 | Y56: 0.647 | Z56: 0.55 | AA56: 4 | AB56: 4 | AC56: 1 | AD56: 3 | AE56: 12 | AF56: 15 | AG56: 10 | AH56: 2 | AI56: 0 | AJ56: 4 | AK56: 4 | AL56: 26 | AM56: 25.5 | AN56: 6 | AO56: 0.597 | AP56: 0.55 | AQ56: 0.093 | AR56: 0.313 | AS56: 0.212 | AT56: 0.388 | AU56: 0.026 | AV56: 0 | AW56: 0.155 | AX56: 0.284 | AY56: 125 | AZ56: 110 | BA56: 25.5 | BB56: 5.8
B57: 50 | C57: 725 | D57: 56 | E57: 45708 | F57: DEN | H57: CHO | I57: W, 129-115 | J57: =(_xlfn.TEXTBEFORE(_xlfn.TEXTAFTER($I57,", ",,1),"-",,1,1,))*1 -> 129 | K57: =(_xlfn.TEXTBEFORE(_xlfn.TEXTAFTER($I57,"-",,1)," ",,1,1,))*1 -> 115 | L57: =LEFT(' #StatsTable'!$I57,1) -> W | M57: =IF(' #StatsTable'!$L57="W", M56+1,M56) -> 37 | N57: =IF(' #StatsTable'!$L57="L",N56+1,N56) -> 19 | O57: * | P57: 1.5381944 | Q57: 11 | R57: 22 | S57: 0.5 | T57: 6 | U57: 14 | V57: 0.429 | W57: 5 | X57: 8 | Y57: 0.625 | Z57: 0.636 | AA57: 1 | AB57: 2 | AC57: 0.5 | AD57: 4 | AE57: 13 | AF57: 17 | AG57: 9 | AH57: 1 | AI57: 1 | AJ57: 2 | AK57: 1 | AL57: 29 | AM57: 29.9 | AN57: 14 | AO57: 0.634 | AP57: 0.636 | AQ57: 0.111 | AR57: 0.319 | AS57: 0.221 | AT57: 0.337 | AU57: 0.013 | AV57: 0.021 | AW57: 0.08 | AX57: 0.272 | AY57: 142 | AZ57: 106 | BA57: 29.9 | BB57: 15
B58: 51 | C58: 726 | D58: 57 | E58: 45710 | F58: DEN | H58: LAL | I58: L, 100-123 | J58: =(_xlfn.TEXTBEFORE(_xlfn.TEXTAFTER($I58,", ",,1),"-",,1,1,))*1 -> 100 | K58: =(_xlfn.TEXTBEFORE(_xlfn.TEXTAFTER($I58,"-",,1)," ",,1,1,))*1 -> 123 | L58: =LEFT(' #StatsTable'!$I58,1) -> L | M58: =IF(' #StatsTable'!$L58="W", M57+1,M57) -> 37 | N58: =IF(' #StatsTable'!$L58="L",N57+1,N57) -> 20 | O58: * | P58: 1.4652778 | Q58: 2 | R58: 7 | S58: 0.286 | T58: 0 | U58: 1 | V58: 0 | W58: 2 | X58: 6 | Y58: 0.333 | Z58: 0.286 | AA58: 8 | AB58: 10 | AC58: 0.8 | AD58: 4 | AE58: 9 | AF58: 13 | AG58: 10 | AH58: 1 | AI58: 0 | AJ58: 6 | AK58: 3 | AL58: 12 | AM58: 13.4 | AN58: -11 | AO58: 0.526 | AP58: 0.286 | AQ58: 0.13 | AR58: 0.292 | AS58: 0.211 | AT58: 0.436 | AU58: 0.014 | AV58: 0 | AW58: 0.345 | AX58: 0.204 | AY58: 104 | AZ58: 124 | BA58: 13.4 | BB58: 0.3
B59: 52 | C59: 727 | D59: 58 | E59: 45712 | F59: DEN | G59: @ | H59: IND | I59: W, 125-116 | J59: =(_xlfn.TEXTBEFORE(_xlfn.TEXTAFTER($I59,", ",,1),"-",,1,1,))*1 -> 125 | K59: =(_xlfn.TEXTBEFORE(_xlfn.TEXTAFTER($I59,"-",,1)," ",,1,1,))*1 -> 116 | L59: =LEFT(' #StatsTable'!$I59,1) -> W | M59: =IF(' #StatsTable'!$L59="W", M58+1,M58) -> 38 | N59: =IF(' #StatsTable'!$L59="L",N58+1,N58) -> 20 | O59: * | P59: 1.6055556 | Q59: 9 | R59: 14 | S59: 0.643 | T59: 0 | U59: 1 | V59: 0 | W59: 9 | X59: 13 | Y59: 0.692 | Z59: 0.643 | AA59: 0 | AB59: 0 | AC59: - | AD59: 0 | AE59: 9 | AF59: 9 | AG59: 19 | AH59: 3 | AI59: 1 | AJ59: 4 | AK59: 1 | AL59: 18 | AM59: 27.1 | AN59: 17 | AO59: 0.643 | AP59: 0.643 | AQ59: 0 | AR59: 0.28 | AS59: 0.144 | AT59: 0.566 | AU59: 0.036 | AV59: 0.03 | AW59: 0.222 | AX59: 0.187 | AY59: 133 | AZ59: 104 | BA59: 27.1 | BB59: 17
B60: 53 | C60: 728 | D60: 59 | E60: 45715 | F60: DEN | G60: @ | H60: MIL | I60: L, 112-121 | J60: =(_xlfn.TEXTBEFORE(_xlfn.TEXTAFTER($I60,", ",,1),"-",,1,1,))*1 -> 112 | K60: =(_xlfn.TEXTBEFORE(_xlfn.TEXTAFTER($I60,"-",,1)," ",,1,1,))*1 -> 121 | L60: =LEFT(' #StatsTable'!$I60,1) -> L | M60: =IF(' #StatsTable'!$L60="W", M59+1,M59) -> 38 | N60: =IF(' #StatsTable'!$L60="L",N59+1,N59) -> 21 | O60: * | P60: 1.5638889 | Q60: 13 | R60: 16 | S60: 0.813 | T60: 1 | U60: 2 | V60: 0.5 | W60: 12 | X60: 14 | Y60: 0.857 | Z60: 0.844 | AA60: 5 | AB60: 7 | AC60: 0.714 | AD60: 1 | AE60: 13 | AF60: 14 | AG60: 10 | AH60: 1 | AI60: 0 | AJ60: 5 | AK60: 4 | AL60: 32 | AM60: 31.2 | AN60: -5 | AO60: 0.839 | AP60: 0.844 | AQ60: 0.023 | AR60: 0.346 | AS60: 0.174 | AT60: 0.421 | AU60: 0.012 | AV60: 0 | AW60: 0.208 | AX60: 0.251 | AY60: 137 | AZ60: 113 | BA60: 31.2 | BB60: 15.3
B61: 54 | C61: 729 | D61: 60 | E61: 45716 | F61: DEN | G61: @ | H61: DET | I61: W, 134-119 | J61: =(_xlfn.TEXTBEFORE(_xlfn.TEXTAFTER($I61,", ",,1),"-",,1,1,))*1 -> 134 | K61: =(_xlfn.TEXTBEFORE(_xlfn.TEXTAFTER($I61,"-",,1)," ",,1,1,))*1 -> 119 | L61: =LEFT(' #StatsTable'!$I61,1) -> W | M61: =IF(' #StatsTable'!$L61="W", M60+1,M60) -> 39 | N61: =IF(' #StatsTable'!$L61="L",N60+1,N60) -> 21 | O61: * | P61: 1.4236111 | Q61: 6 | R61: 12 | S61: 0.5 | T61: 0 | U61: 3 | V61: 0 | W61: 6 | X61: 9 | Y61: 0.667 | Z61: 0.5 | AA61: 11 | AB61: 12 | AC61: 0.917 | AD61: 0 | AE61: 17 | AF61: 17 | AG61: 15 | AH61: 1 | AI61: 2 | AJ61: 7 | AK61: 2 | AL61: 23 | AM61: 26.8 | AN61: 33 | AO61: 0.666 | AP61: 0.5 | AQ61: 0 | AR61: 0.442 | AS61: 0.26 | AT61: 0.546 | AU61: 0.013 | AV61: 0.045 | AW61: 0.288 | AX61: 0.29 | AY61: 125 | AZ61: 101 | BA61: 26.8 | BB61: 11.2
B62: 55 | C62: 730 | D62: 61 | E62: 45718 | F62: DEN | G62: @ | H62: BOS | I62: L, 103-110 | J62: =(_xlfn.TEXTBEFORE(_xlfn.TEXTAFTER($I62,", ",,1),"-",,1,1,))*1 -> 103 | K62: =(_xlfn.TEXTBEFORE(_xlfn.TEXTAFTER($I62,"-",,1)," ",,1,1,))*1 -> 110 | L62: =LEFT(' #StatsTable'!$I62,1) -> L | M62: =IF(' #StatsTable'!$L62="W", M61+1,M61) -> 39 | N62: =IF(' #StatsTable'!$L62="L",N61+1,N61) -> 22 | O62: * | P62: 1.6409722 | Q62: 9 | R62: 15 | S62: 0.6 | T62: 2 | U62: 3 | V62: 0.667 | W62: 7 | X62: 12 | Y62: 0.583 | Z62: 0.667 | AA62: 0 | AB62: 0 | AC62: - | AD62: 3 | AE62: 11 | AF62: 14 | AG62: 9 | AH62: 2 | AI62: 0 | AJ62: 2 | AK62: 2 | AL62: 20 | AM62: 24 | AN62: 0 | AO62: 0.667 | AP62: 0.667 | AQ62: 0.085 | AR62: 0.335 | AS62: 0.206 | AT62: 0.365 | AU62: 0.026 | AV62: 0 | AW62: 0.118 | AX62: 0.2 | AY62: 135 | AZ62: 114 | BA62: 24 | BB62: 11.6
B63: 56 | C63: 731 | D63: 62 | E63: 45721 | F63: DEN | H63: SAC | I63: W, 116-110 | J63: =(_xlfn.TEXTBEFORE(_xlfn.TEXTAFTER($I63,", ",,1),"-",,1,1,))*1 -> 116 | K63: =(_xlfn.TEXTBEFORE(_xlfn.TEXTAFTER($I63,"-",,1)," ",,1,1,))*1 -> 110 | L63: =LEFT(' #StatsTable'!$I63,1) -> W | M63: =IF(' #StatsTable'!$L63="W", M62+1,M62) -> 40 | N63: =IF(' #StatsTable'!$L63="L",N62+1,N62) -> 22 | O63: * | P63: 1.5888889 | Q63: 9 | R63: 18 | S63: 0.5 | T63: 0 | U63: 2 | V63: 0 | W63: 9 | X63: 16 | Y63: 0.563 | Z63: 0.5 | AA63: 4 | AB63: 6 | AC63: 0.667 | AD63: 5 | AE63: 10 | AF63: 15 | AG63: 6 | AH63: 1 | AI63: 0 | AJ63: 7 | AK63: 3 | AL63: 22 | AM63: 15.7 | AN63: -7 | AO63: 0.533 | AP63: 0.5 | AQ63: 0.15 | AR63: 0.257 | AS63: 0.207 | AT63: 0.263 | AU63: 0.013 | AV63: 0 | AW63: 0.253 | AX63: 0.307 | AY63: 97 | AZ63: 109 | BA63: 15.7 | BB63: -3.6
B64: 57 | C64: 732 | D64: 63 | E64: 45723 | F64: DEN | H64: PHO | I64: W, 149-141 (OT) | J64: =(_xlfn.TEXTBEFORE(_xlfn.TEXTAFTER($I64,", ",,1),"-",,1,1,))*1 -> 149 | K64: =(_xlfn.TEXTBEFORE(_xlfn.TEXTAFTER($I64,"-",,1)," ",,1,1,))*1 -> 141 | L64: =LEFT(' #StatsTable'!$I64,1) -> W | M64: =IF(' #StatsTable'!$L64="W", M63+1,M63) -> 41 | N64: =IF(' #StatsTable'!$L64="L",N63+1,N63) -> 22 | O64: * | P64: 1.8715278 | Q64: 13 | R64: 22 | S64: 0.591 | T64: 3 | U64: 7 | V64: 0.429 | W64: 10 | X64: 15 | Y64: 0.667 | Z64: 0.659 | AA64: 2 | AB64: 3 | AC64: 0.667 | AD64: 4 | AE64: 17 | AF64: 21 | AG64: 22 | AH64: 3 | AI64: 0 | AJ64: 4 | AK64: 3 | AL64: 31 | AM64: 41.5 | AN64: 8 | AO64: 0.665 | AP64: 0.659 | AQ64: 0.118 | AR64: 0.542 | AS64: 0.322 | AT64: 0.623 | AU64: 0.033 | AV64: 0 | AW64: 0.146 | AX64: 0.283 | AY64: 148 | AZ64: 125 | BA64: 41.5 | BB64: 17.2
B65: 58 | C65: 733 | D65: 64 | E65: 45725 | F65: DEN | G65: @ | H65: OKC | I65: L, 103-127 | J65: =(_xlfn.TEXTBEFORE(_xlfn.TEXTAFTER($I65,", ",,1),"-",,1,1,))*1 -> 103 | K65: =(_xlfn.TEXTBEFORE(_xlfn.TEXTAFTER($I65,"-",,1)," ",,1,1,))*1 -> 127 | L65: =LEFT(' #StatsTable'!$I65,1) -> L | M65: =IF(' #StatsTable'!$L65="W", M64+1,M64) -> 41 | N65: =IF(' #StatsTable'!$L65="L",N64+1,N64) -> 23 | O65: * | P65: 1.7180556 | Q65: 10 | R65: 23 | S65: 0.435 | T65: 2 | U65: 10 | V65: 0.2 | W65: 8 | X65: 13 | Y65: 0.615 | Z65: 0.478 | AA65: 2 | AB65: 6 | AC65: 0.333 | AD65: 2 | AE65: 11 | AF65: 13 | AG65: 9 | AH65: 1 | AI65: 3 | AJ65: 2 | AK65: 3 | AL65: 24 | AM65: 21.2 | AN65: -13 | AO65: 0.468 | AP65: 0.478 | AQ65: 0.039 | AR65: 0.291 | AS65: 0.146 | AT65: 0.369 | AU65: 0.012 | AV65: 0.062 | AW65: 0.072 | AX65: 0.283 | AY65: 104 | AZ65: 122 | BA65: 21.2 | BB65: 9.2
B66: 59 | C66: 734 | D66: 65 | E66: 45726 | F66: DEN | G66: @ | H66: OKC | I66: W, 140-127 | J66: =(_xlfn.TEXTBEFORE(_xlfn.TEXTAFTER($I66,", ",,1),"-",,1,1,))*1 -> 140 | K66: =(_xlfn.TEXTBEFORE(_xlfn.TEXTAFTER($I66,"-",,1)," ",,1,1,))*1 -> 127 | L66: =LEFT(' #StatsTable'!$I66,1) -> W | M66: =IF(' #StatsTable'!$L66="W", M65+1,M65) -> 42 | N66: =IF(' #StatsTable'!$L66="L",N65+1,N65) -> 23 | O66: * | P66: 1.65 | Q66: 15 | R66: 20 | S66: 0.75 | T66: 1 | U66: 2 | V66: 0.5 | W66: 14 | X66: 18 | Y66: 0.778 | Z66: 0.775 | AA66: 4 | AB66: 5 | AC66: 0.8 | AD66: 2 | AE66: 16 | AF66: 18 | AG66: 8 | AH66: 1 | AI66: 1 | AJ66: 1 | AK66: 4 | AL66: 35 | AM66: 37.5 | AN66: 8 | AO66: 0.788 | AP66: 0.775 | AQ66: 0.073 | AR66: 0.413 | AS66: 0.273 | AT66: 0.287 | AU66: 0.012 | AV66: 0.023 | AW66: 0.043 | AX66: 0.263 | AY66: 167 | AZ66: 119 | BA66: 37.5 | BB66: 13.3
B67: 60 | C67: 735 | D67: 66 | E67: 45728 | F67: DEN | H67: MIN | I67: L, 95-115 | J67: =(_xlfn.TEXTBEFORE(_xlfn.TEXTAFTER($I67,", ",,1),"-",,1,1,))*1 -> 95 | K67: =(_xlfn.TEXTBEFORE(_xlfn.TEXTAFTER($I67,"-",,1)," ",,1,1,))*1 -> 115 | L67: =LEFT(' #StatsTable'!$I67,1) -> L | M67: =IF(' #StatsTable'!$L67="W", M66+1,M66) -> 42 | N67: =IF(' #StatsTable'!$L67="L",N66+1,N66) -> 24 | O67: * | P67: 1.5944444 | Q67: 13 | R67: 23 | S67: 0.565 | T67: 2 | U67: 6 | V67: 0.333 | W67: 11 | X67: 17 | Y67: 0.647 | Z67: 0.609 | AA67: 6 | AB67: 8 | AC67: 0.75 | AD67: 3 | AE67: 5 | AF67: 8 | AG67: 4 | AH67: 1 | AI67: 0 | AJ67: 3 | AK67: 3 | AL67: 34 | AM67: 25.5 | AN67: -24 | AO67: 0.641 | AP67: 0.609 | AQ67: 0.078 | AR67: 0.149 | AS67: 0.111 | AT67: 0.255 | AU67: 0.013 | AV67: 0 | AW67: 0.102 | AX67: 0.341 | AY67: 123 | AZ67: 123 | BA67: 25.5 | BB67: 10.7
B68: 61 | C68: 736 | D68: 67 | E68: 45730 | F68: DEN | H68: LAL | I68: W, 131-126 | J68: =(_xlfn.TEXTBEFORE(_xlfn.TEXTAFTER($I68,", ",,1),"-",,1,1,))*1 -> 131 | K68: =(_xlfn.TEXTBEFORE(_xlfn.TEXTAFTER($I68,"-",,1)," ",,1,1,))*1 -> 126 | L68: =LEFT(' #StatsTable'!$I68,1) -> W | M68: =IF(' #StatsTable'!$L68="W", M67+1,M67) -> 43 | N68: =IF(' #StatsTable'!$L68="L",N67+1,N67) -> 24 | O68: * | P68: 1.5743056 | Q68: 8 | R68: 16 | S68: 0.5 | T68: 0 | U68: 4 | V68: 0 | W68: 8 | X68: 12 | Y68: 0.667 | Z68: 0.5 | AA68: 12 | AB68: 17 | AC68: 0.706 | AD68: 1 | AE68: 6 | AF68: 7 | AG68: 5 | AH68: 3 | AI68: 1 | AJ68: 4 | AK68: 5 | AL68: 28 | AM68: 21.7 | AN68: 2 | AO68: 0.596 | AP68: 0.5 | AQ68: 0.034 | AR68: 0.156 | AS68: 0.103 | AT68: 0.188 | AU68: 0.038 | AV68: 0.02 | AW68: 0.146 | AX68: 0.307 | AY68: 115 | AZ68: 120 | BA68: 21.7 | BB68: -0.5
B69: 62 | C69: 737 | D69: 68 | E69: 45731 | F69: DEN | H69: WAS | I69: L, 123-126 | J69: =(_xlfn.TEXTBEFORE(_xlfn.TEXTAFTER($I69,", ",,1),"-",,1,1,))*1 -> 123 | K69: =(_xlfn.TEXTBEFORE(_xlfn.TEXTAFTER($I69,"-",,1)," ",,1,1,))*1 -> 126 | L69: =LEFT(' #StatsTable'!$I69,1) -> L | M69: =IF(' #StatsTable'!$L69="W", M68+1,M68) -> 43 | N69: =IF(' #StatsTable'!$L69="L",N68+1,N68) -> 25 | O69: * | P69: 1.6347222 | Q69: 16 | R69: 30 | S69: 0.533 | T69: 1 | U69: 8 | V69: 0.125 | W69: 15 | X69: 22 | Y69: 0.682 | Z69: 0.55 | AA69: 7 | AB69: 7 | AC69: 1 | AD69: 3 | AE69: 10 | AF69: 13 | AG69: 9 | AH69: 1 | AI69: 2 | AJ69: 3 | AK69: 3 | AL69: 40 | AM69: 35 | AN69: 6 | AO69: 0.605 | AP69: 0.55 | AQ69: 0.09 | AR69: 0.272 | AS69: 0.185 | AT69: 0.387 | AU69: 0.012 | AV69: 0.049 | AW69: 0.083 | AX69: 0.366 | AY69: 124 | AZ69: 118 | BA69: 35 | BB69: 7.6
B70: 62 | D70: 69 | E70: 45733 | F70: DEN | G70: @ | H70: GSW | I70: W, 114-105 | J70: =(_xlfn.TEXTBEFORE(_xlfn.TEXTAFTER($I70,", ",,1),"-",,1,1,))*1 -> 114 | K70: =(_xlfn.TEXTBEFORE(_xlfn.TEXTAFTER($I70,"-",,1)," ",,1,1,))*1 -> 105 | L70: =LEFT(' #StatsTable'!$I70,1) -> W | M70: =IF(' #StatsTable'!$L70="W", M69+1,M69) -> 44 | N70: =IF(' #StatsTable'!$L70="L",N69+1,N69) -> 25 | O70: Inactive | P70: - | Q70: - | R70: - | S70: - | T70: - | U70: - | V70: - | W70: - | X70: - | Y70: - | Z70: - | AA70: - | AB70: - | AC70: - | AD70: - | AE70: - | AF70: - | AG70: - | AH70: - | AI70: - | AJ70: - | AK70: - | AL70: - | AM70: - | AN70: - | AO70: - | AP70: - | AQ70: - | AR70: - | AS70: - | AT70: - | AU70: - | AV70: - | AW70: - | AX70: - | AY70: - | AZ70: - | BA70: - | BB70: -
B71: 62 | D71: 70 | E71: 45735 | F71: DEN | G71: @ | H71: LAL | I71: L, 108-120 | J71: =(_xlfn.TEXTBEFORE(_xlfn.TEXTAFTER($I71,", ",,1),"-",,1,1,))*1 -> 108 | K71: =(_xlfn.TEXTBEFORE(_xlfn.TEXTAFTER($I71,"-",,1)," ",,1,1,))*1 -> 120 | L71: =LEFT(' #StatsTable'!$I71,1) -> L | M71: =IF(' #StatsTable'!$L71="W", M70+1,M70) -> 44 | N71: =IF(' #StatsTable'!$L71="L",N70+1,N70) -> 26 | O71: Inactive | P71: - | Q71: - | R71: - | S71: - | T71: - | U71: - | V71: - | W71: - | X71: - | Y71: - | Z71: - | AA71: - | AB71: - | AC71: - | AD71: - | AE71: - | AF71: - | AG71: - | AH71: - | AI71: - | AJ71: - | AK71: - | AL71: - | AM71: - | AN71: - | AO71: - | AP71: - | AQ71: - | AR71: - | AS71: - | AT71: - | AU71: - | AV71: - | AW71: - | AX71: - | AY71: - | AZ71: - | BA71: - | BB71: -
B72: 62 | D72: 71 | E72: 45737 | F72: DEN | G72: @ | H72: POR | I72: L, 109-128 | J72: =(_xlfn.TEXTBEFORE(_xlfn.TEXTAFTER($I72,", ",,1),"-",,1,1,))*1 -> 109 | K72: =(_xlfn.TEXTBEFORE(_xlfn.TEXTAFTER($I72,"-",,1)," ",,1,1,))*1 -> 128 | L72: =LEFT(' #StatsTable'!$I72,1) -> L | M72: =IF(' #StatsTable'!$L72="W", M71+1,M71) -> 44 | N72: =IF(' #StatsTable'!$L72="L",N71+1,N71) -> 27 | O72: Inactive | P72: - | Q72: - | R72: - | S72: - | T72: - | U72: - | V72: - | W72: - | X72: - | Y72: - | Z72: - | AA72: - | AB72: - | AC72: - | AD72: - | AE72: - | AF72: - | AG72: - | AH72: - | AI72: - | AJ72: - | AK72: - | AL72: - | AM72: - | AN72: - | AO72: - | AP72: - | AQ72: - | AR72: - | AS72: - | AT72: - | AU72: - | AV72: - | AW72: - | AX72: - | AY72: - | AZ72: - | BA72: - | BB72: -
B73: 62 | D73: 72 | E73: 45739 | F73: DEN | G73: @ | H73: HOU | I73: W, 116-111 | J73: =(_xlfn.TEXTBEFORE(_xlfn.TEXTAFTER($I73,", ",,1),"-",,1,1,))*1 -> 116 | K73: =(_xlfn.TEXTBEFORE(_xlfn.TEXTAFTER($I73,"-",,1)," ",,1,1,))*1 -> 111 | L73: =LEFT(' #StatsTable'!$I73,1) -> W | M73: =IF(' #StatsTable'!$L73="W", M72+1,M72) -> 45 | N73: =IF(' #StatsTable'!$L73="L",N72+1,N72) -> 27 | O73: Inactive | P73: - | Q73: - | R73: - | S73: - | T73: - | U73: - | V73: - | W73: - | X73: - | Y73: - | Z73: - | AA73: - | AB73: - | AC73: - | AD73: - | AE73: - | AF73: - | AG73: - | AH73: - | AI73: - | AJ73: - | AK73: - | AL73: - | AM73: - | AN73: - | AO73: - | AP73: - | AQ73: - | AR73: - | AS73: - | AT73: - | AU73: - | AV73: - | AW73: - | AX73: - | AY73: - | AZ73: - | BA73: - | BB73: -
B74: 62 | D74: 73 | E74: 45740 | F74: DEN | H74: CHI | I74: L, 119-129 | J74: =(_xlfn.TEXTBEFORE(_xlfn.TEXTAFTER($I74,", ",,1),"-",,1,1,))*1 -> 119 | K74: =(_xlfn.TEXTBEFORE(_xlfn.TEXTAFTER($I74,"-",,1)," ",,1,1,))*1 -> 129 | L74: =LEFT(' #StatsTable'!$I74,1) -> L | M74: =IF(' #StatsTable'!$L74="W", M73+1,M73) -> 45 | N74: =IF(' #StatsTable'!$L74="L",N73+1,N73) -> 28 | O74: Inactive | P74: - | Q74: - | R74: - | S74: - | T74: - | U74: - | V74: - | W74: - | X74: - | Y74: - | Z74: - | AA74: - | AB74: - | AC74: - | AD74: - | AE74: - | AF74: - | AG74: - | AH74: - | AI74: - | AJ74: - | AK74: - | AL74: - | AM74: - | AN74: - | AO74: - | AP74: - | AQ74: - | AR74: - | AS74: - | AT74: - | AU74: - | AV74: - | AW74: - | AX74: - | AY74: - | AZ74: - | BA74: - | BB74: -
B75: 63 | C75: 738 | D75: 74 | E75: 45742 | F75: DEN | H75: MIL | I75: W, 127-117 | J75: =(_xlfn.TEXTBEFORE(_xlfn.TEXTAFTER($I75,", ",,1),"-",,1,1,))*1 -> 127 | K75: =(_xlfn.TEXTBEFORE(_xlfn.TEXTAFTER($I75,"-",,1)," ",,1,1,))*1 -> 117 | L75: =LEFT(' #StatsTable'!$I75,1) -> W | M75: =IF(' #StatsTable'!$L75="W", M74+1,M74) -> 46 | N75: =IF(' #StatsTable'!$L75="L",N74+1,N74) -> 28 | O75: * | P75: 1.5875 | Q75: 16 | R75: 25 | S75: 0.64 | T75: 3 | U75: 6 | V75: 0.5 | W75: 13 | X75: 19 | Y75: 0.684 | Z75: 0.7 | AA75: 4 | AB75: 7 | AC75: 0.571 | AD75: 2 | AE75: 8 | AF75: 10 | AG75: 10 | AH75: 0 | AI75: 0 | AJ75: 3 | AK75: 2 | AL75: 39 | AM75: 33.7 | AN75: 14 | AO75: 0.694 | AP75: 0.7 | AQ75: 0.065 | AR75: 0.219 | AS75: 0.148 | AT75: 0.437 | AU75: 0 | AV75: 0 | AW75: 0.097 | AX75: 0.357 | AY75: 135 | AZ75: 122 | BA75: 33.7 | BB75: 10.8
B76: 64 | C76: 739 | D76: 75 | E76: 45744 | F76: DEN | H76: UTA | I76: W, 129-93 | J76: =(_xlfn.TEXTBEFORE(_xlfn.TEXTAFTER($I76,", ",,1),"-",,1,1,))*1 -> 129 | K76: =(_xlfn.TEXTBEFORE(_xlfn.TEXTAFTER($I76,"-",,1)," ",,1,1,))*1 -> 93 | L76: =LEFT(' #StatsTable'!$I76,1) -> W | M76: =IF(' #StatsTable'!$L76="W", M75+1,M75) -> 47 | N76: =IF(' #StatsTable'!$L76="L",N75+1,N75) -> 28 | O76: * | P76: 1.3145833 | Q76: 8 | R76: 18 | S76: 0.444 | T76: 1 | U76: 5 | V76: 0.2 | W76: 7 | X76: 13 | Y76: 0.538 | Z76: 0.472 | AA76: 10 | AB76: 12 | AC76: 0.833 | AD76: 5 | AE76: 9 | AF76: 14 | AG76: 6 | AH76: 4 | AI76: 0 | AJ76: 3 | AK76: 0 | AL76: 27 | AM76: 28.2 | AN76: 28 | AO76: 0.58 | AP76: 0.472 | AQ76: 0.206 | AR76: 0.274 | AS76: 0.245 | AT76: 0.255 | AU76: 0.059 | AV76: 0 | AW76: 0.114 | AX76: 0.353 | AY76: 125 | AZ76: 80 | BA76: 28.2 | BB76: 7.6
B77: 65 | C77: 740 | D77: 76 | E77: 45748 | F77: DEN | H77: MIN | I77: L, 139-140 (2OT) | J77: =(_xlfn.TEXTBEFORE(_xlfn.TEXTAFTER($I77,", ",,1),"-",,1,1,))*1 -> 139 | K77: =(_xlfn.TEXTBEFORE(_xlfn.TEXTAFTER($I77,"-",,1)," ",,1,1,))*1 -> 140 | L77: =LEFT(' #StatsTable'!$I77,1) -> L | M77: =IF(' #StatsTable'!$L77="W", M76+1,M76) -> 47 | N77: =IF(' #StatsTable'!$L77="L",N76+1,N76) -> 29 | O77: * | P77: 2.1930556 | Q77: 18 | R77: 29 | S77: 0.621 | T77: 6 | U77: 11 | V77: 0.545 | W77: 12 | X77: 18 | Y77: 0.667 | Z77: 0.724 | AA77: 19 | AB77: 24 | AC77: 0.792 | AD77: 2 | AE77: 8 | AF77: 10 | AG77: 10 | AH77: 2 | AI77: 0 | AJ77: 4 | AK77: 5 | AL77: 61 | AM77: 52.7 | AN77: 2 | AO77: 0.771 | AP77: 0.724 | AQ77: 0.057 | AR77: 0.152 | AS77: 0.114 | AT77: 0.406 | AU77: 0.02 | AV77: 0 | AW77: 0.092 | AX77: 0.389 | AY77: 148 | AZ77: 122 | BA77: 52.7 | BB77: 17.3
B78: 65 | D78: 77 | E78: 45749 | F78: DEN | H78: SAS | I78: L, 106-113 | J78: =(_xlfn.TEXTBEFORE(_xlfn.TEXTAFTER($I78,", ",,1),"-",,1,1,))*1 -> 106 | K78: =(_xlfn.TEXTBEFORE(_xlfn.TEXTAFTER($I78,"-",,1)," ",,1,1,))*1 -> 113 | L78: =LEFT(' #StatsTable'!$I78,1) -> L | M78: =IF(' #StatsTable'!$L78="W", M77+1,M77) -> 47 | N78: =IF(' #StatsTable'!$L78="L",N77+1,N77) -> 30 | O78: Inactive | P78: - | Q78: - | R78: - | S78: - | T78: - | U78: - | V78: - | W78: - | X78: - | Y78: - | Z78: - | AA78: - | AB78: - | AC78: - | AD78: - | AE78: - | AF78: - | AG78: - | AH78: - | AI78: - | AJ78: - | AK78: - | AL78: - | AM78: - | AN78: - | AO78: - | AP78: - | AQ78: - | AR78: - | AS78: - | AT78: - | AU78: - | AV78: - | AW78: - | AX78: - | AY78: - | AZ78: - | BA78: - | BB78: -
B79: 66 | C79: 741 | D79: 78 | E79: 45751 | F79: DEN | G79: @ | H79: GSW | I79: L, 104-118 | J79: =(_xlfn.TEXTBEFORE(_xlfn.TEXTAFTER($I79,", ",,1),"-",,1,1,))*1 -> 104 | K79: =(_xlfn.TEXTBEFORE(_xlfn.TEXTAFTER($I79,"-",,1)," ",,1,1,))*1 -> 118 | L79: =LEFT(' #StatsTable'!$I79,1) -> L | M79: =IF(' #StatsTable'!$L79="W", M78+1,M78) -> 47 | N79: =IF(' #StatsTable'!$L79="L",N78+1,N78) -> 31 | O79: * | P79: 1.5506944 | Q79: 13 | R79: 17 | S79: 0.765 | T79: 4 | U79: 7 | V79: 0.571 | W79: 9 | X79: 10 | Y79: 0.9 | Z79: 0.882 | AA79: 3 | AB79: 3 | AC79: 1 | AD79: 2 | AE79: 10 | AF79: 12 | AG79: 9 | AH79: 2 | AI79: 0 | AJ79: 6 | AK79: 2 | AL79: 33 | AM79: 32.2 | AN79: -4 | AO79: 0.901 | AP79: 0.882 | AQ79: 0.081 | AR79: 0.307 | AS79: 0.209 | AT79: 0.5 | AU79: 0.027 | AV79: 0 | AW79: 0.247 | AX79: 0.297 | AY79: 138 | AZ79: 116 | BA79: 32.2 | BB79: 17.5
B80: 67 | C80: 742 | D80: 79 | E80: 45753 | F80: DEN | H80: IND | I80: L, 120-125 | J80: =(_xlfn.TEXTBEFORE(_xlfn.TEXTAFTER($I80,", ",,1),"-",,1,1,))*1 -> 120 | K80: =(_xlfn.TEXTBEFORE(_xlfn.TEXTAFTER($I80,"-",,1)," ",,1,1,))*1 -> 125 | L80: =LEFT(' #StatsTable'!$I80,1) -> L | M80: =IF(' #StatsTable'!$L80="W", M79+1,M79) -> 47 | N80: =IF(' #StatsTable'!$L80="L",N79+1,N79) -> 32 | O80: * | P80: 1.625 | Q80: 18 | R80: 33 | S80: 0.545 | T80: 3 | U80: 11 | V80: 0.273 | W80: 15 | X80: 22 | Y80: 0.682 | Z80: 0.591 | AA80: 2 | AB80: 3 | AC80: 0.667 | AD80: 3 | AE80: 12 | AF80: 15 | AG80: 13 | AH80: 2 | AI80: 1 | AJ80: 4 | AK80: 0 | AL80: 41 | AM80: 38.2 | AN80: 1 | AO80: 0.597 | AP80: 0.591 | AQ80: 0.086 | AR80: 0.328 | AS80: 0.21 | AT80: 0.575 | AU80: 0.024 | AV80: 0.024 | AW80: 0.104 | AX80: 0.414 | AY80: 120 | AZ80: 115 | BA80: 38.2 | BB80: 17.9
B81: 68 | C81: 743 | D81: 80 | E81: 45756 | F81: DEN | G81: @ | H81: SAC | I81: W, 124-116 | J81: =(_xlfn.TEXTBEFORE(_xlfn.TEXTAFTER($I81,", ",,1),"-",,1,1,))*1 -> 124 | K81: =(_xlfn.TEXTBEFORE(_xlfn.TEXTAFTER($I81,"-",,1)," ",,1,1,))*1 -> 116 | L81: =LEFT(' #StatsTable'!$I81,1) -> W | M81: =IF(' #StatsTable'!$L81="W", M80+1,M80) -> 48 | N81: =IF(' #StatsTable'!$L81="L",N80+1,N80) -> 32 | O81: * | P81: 1.5708333 | Q81: 5 | R81: 12 | S81: 0.417 | T81: 0 | U81: 1 | V81: 0 | W81: 5 | X81: 11 | Y81: 0.455 | Z81: 0.417 | AA81: 10 | AB81: 10 | AC81: 1 | AD81: 3 | AE81: 9 | AF81: 12 | AG81: 11 | AH81: 4 | AI81: 0 | AJ81: 1 | AK81: 2 | AL81: 20 | AM81: 28.3 | AN81: 9 | AO81: 0.61 | AP81: 0.417 | AQ81: 0.093 | AR81: 0.26 | AS81: 0.18 | AT81: 0.382 | AU81: 0.055 | AV81: 0 | AW81: 0.057 | AX81: 0.208 | AY81: 152 | AZ81: 114 | BA81: 28.3 | BB81: 13.3
B82: 69 | C82: 744 | D82: 81 | E82: 45758 | F82: DEN | H82: MEM | I82: W, 117-109 | J82: =(_xlfn.TEXTBEFORE(_xlfn.TEXTAFTER($I82,", ",,1),"-",,1,1,))*1 -> 117 | K82: =(_xlfn.TEXTBEFORE(_xlfn.TEXTAFTER($I82,"-",,1)," ",,1,1,))*1 -> 109 | L82: =LEFT(' #StatsTable'!$I82,1) -> W | M82: =IF(' #StatsTable'!$L82="W", M81+1,M81) -> 49 | N82: =IF(' #StatsTable'!$L82="L",N81+1,N81) -> 32 | O82: * | P82: 1.7048611 | Q82: 11 | R82: 19 | S82: 0.579 | T82: 1 | U82: 2 | V82: 0.5 | W82: 10 | X82: 17 | Y82: 0.588 | Z82: 0.605 | AA82: 3 | AB82: 7 | AC82: 0.429 | AD82: 3 | AE82: 13 | AF82: 16 | AG82: 13 | AH82: 2 | AI82: 0 | AJ82: 5 | AK82: 3 | AL82: 26 | AM82: 26.4 | AN82: 11 | AO82: 0.589 | AP82: 0.605 | AQ82: 0.078 | AR82: 0.318 | AS82: 0.202 | AT82: 0.49 | AU82: 0.023 | AV82: 0 | AW82: 0.185 | AX82: 0.27 | AY82: 112 | AZ82: 102 | BA82: 26.4 | BB82: 11
B83: 70 | C83: 745 | D83: 82 | E83: 45760 | F83: DEN | G83: @ | H83: HOU | I83: W, 126-111 | J83: =(_xlfn.TEXTBEFORE(_xlfn.TEXTAFTER($I83,", ",,1),"-",,1,1,))*1 -> 126 | K83: =(_xlfn.TEXTBEFORE(_xlfn.TEXTAFTER($I83,"-",,1)," ",,1,1,))*1 -> 111 | L83: =LEFT(' #StatsTable'!$I83,1) -> W | M83: =IF(' #StatsTable'!$L83="W", M82+1,M82) -> 50 | N83: =IF(' #StatsTable'!$L83="L",N82+1,N82) -> 32 | O83: * | P83: 1.2826389 | Q83: 7 | R83: 10 | S83: 0.7 | T83: 3 | U83: 5 | V83: 0.6 | W83: 4 | X83: 5 | Y83: 0.8 | Z83: 0.85 | AA83: 1 | AB83: 2 | AC83: 0.5 | AD83: 1 | AE83: 6 | AF83: 7 | AG83: 7 | AH83: 2 | AI83: 1 | AJ83: 1 | AK83: 3 | AL83: 18 | AM83: 21.3 | AN83: 34 | AO83: 0.827 | AP83: 0.85 | AQ83: 0.039 | AR83: 0.18 | AS83: 0.119 | AT83: 0.32 | AU83: 0.032 | AV83: 0.024 | AW83: 0.084 | AX83: 0.167 | AY83: 161 | AZ83: 108 | BA83: 21.3 | BB83: 15.5
B85: Totals | J85: =SUM(J2:J83) -> 9902 | K85: =SUM(K2:K83) -> 9583 | L85: =SUM(L2:L83) -> 0 | M85: =SUM(M2:M83) -> 2094 | N85: =SUM(N2:N83) -> 1309 | O85: =SUM(O2:O83) -> 0 | P85: =SUM(P2:P83) -> 107.12083 | Q85: =SUM(Q2:Q83) -> 786 | ... AN85: =SUM(AN2:AN83) -> 594
B87: In All Games
B88: High | P88: =MAX(' #StatsTable'!$P$2:$P$83) -> 2.1930556 | Q88: =MAX(Q2:Q83) -> 22 | R88: =MAX(R2:R83) -> 39 | S88: =MAX(S2:S83) -> 0.846 | T88: =MAX(T2:T83) -> 7 | U88: =MAX(U2:U83) -> 14 | V88: =MAX(V2:V83) -> 1 | W88: =MAX(W2:W83) -> 19 | X88: =MAX(X2:X83) -> 33 | ... BB88: =MAX(BB2:BB83) -> 29
B89: Low | P89: =MIN(' #StatsTable'!$P$2:$P$83) -> 1.1930556 | Q89: =MIN(Q2:Q83) -> 2 | R89: =MIN(R2:R83) -> 7 | S89: =MIN(S2:S83) -> 0.286 | T89: =MIN(T2:T83) -> 0 | U89: =MIN(U2:U83) -> 0 | V89: =MIN(V2:V83) -> 0 | W89: =MIN(W2:W83) -> 2 | X89: =MIN(X2:X83) -> 5 | ... BB89: =MIN(BB2:BB83) -> -3.6
B90: Mean | P90: =AVERAGE(' #StatsTable'!$P$2:$P$83) -> 1.5302976 | Q90: =AVERAGE(Q2:Q83) -> 11.228571 | R90: =AVERAGE(R2:R83) -> 19.485714 | S90: =AVERAGE(S2:S83) -> 0.58485714 | T90: =AVERAGE(T2:T83) -> 1.9714286 | U90: =AVERAGE(U2:U83) -> 4.7285714 | V90: =AVERAGE(V2:V83) -> 0.441 | W90: =AVERAGE(W2:W83) -> 9.2571429 | X90: =AVERAGE(X2:X83) -> 14.757143 | ... BB90: =AVERAGE(BB2:BB83) -> 13.355714
B91: Median | P91: =MEDIAN(' #StatsTable'!$P$2:$P$83) -> 1.5625 | Q91: =MEDIAN(Q2:Q83) -> 11 | R91: =MEDIAN(R2:R83) -> 19 | S91: =MEDIAN(S2:S83) -> 0.575 | T91: =MEDIAN(T2:T83) -> 2 | U91: =MEDIAN(U2:U83) -> 4 | V91: =MEDIAN(V2:V83) -> 0.4645 | W91: =MEDIAN(W2:W83) -> 9 | X91: =MEDIAN(X2:X83) -> 14 | ... BB91: =MEDIAN(BB2:BB83) -> 13.85
B92: Mode | P92: =MODE(' #StatsTable'!$P$2:$P$83) -> 1.5256944 | Q92: =MODE(Q2:Q83) -> 9 | R92: =MODE(R2:R83) -> 16 | S92: =MODE(S2:S83) -> 0.5 | T92: =MODE(T2:T83) -> 2 | U92: =MODE(U2:U83) -> 3 | V92: =MODE(V2:V83) -> 0.5 | W92: =MODE(W2:W83) -> 7 | X92: =MODE(X2:X83) -> 13 | ... BB92: =MODE(BB2:BB83) -> 12.2
B95: In Wins
B96: High | P96: =_xlfn.MAXIFS(P$2:P$83,$L$2:$L$83,"W") -> 1.8715278 | Q96: =_xlfn.MAXIFS(Q2:Q83,$L2:$L83,"W") -> 19 | R96: =_xlfn.MAXIFS(R2:R83,$L2:$L83,"W") -> 35 | S96: =_xlfn.MAXIFS(S2:S83,$L2:$L83,"W") -> 0.846 | T96: =_xlfn.MAXIFS(T2:T83,$L2:$L83,"W") -> 6 | U96: =_xlfn.MAXIFS(U2:U83,$L2:$L83,"W") -> 14 | V96: =_xlfn.MAXIFS(V2:V83,$L2:$L83,"W") -> 1 | W96: =_xlfn.MAXIFS(W2:W83,$L2:$L83,"W") -> 16 | X96: =_xlfn.MAXIFS(X2:X83,$L2:$L83,"W") -> 27 | ... BB96: =_xlfn.MAXIFS(BB2:BB83,$L2:$L83,"W") -> 29
B97: Low | P97: =_xlfn.MINIFS(P$2:P$83,$L$2:$L$83,"W") -> 1.1930556 | Q97: =_xlfn.MINIFS(Q2:Q83,$L2:$L83,"W") -> 4 | R97: =_xlfn.MINIFS(R2:R83,$L2:$L83,"W") -> 7 | S97: =_xlfn.MINIFS(S2:S83,$L2:$L83,"W") -> 0.417 | T97: =_xlfn.MINIFS(T2:T83,$L2:$L83,"W") -> 0 | U97: =_xlfn.MINIFS(U2:U83,$L2:$L83,"W") -> 0 | V97: =_xlfn.MINIFS(V2:V83,$L2:$L83,"W") -> 0 | W97: =_xlfn.MINIFS(W2:W83,$L2:$L83,"W") -> 3 | X97: =_xlfn.MINIFS(X2:X83,$L2:$L83,"W") -> 5 | ... BB97: =_xlfn.MINIFS(BB2:BB83,$L2:$L83,"W") -> -3.6
B98: Mean | P98: =AVERAGEIFS(P$2:P$83,$L$2:$L$83,"W") -> 1.5031854 | Q98: =AVERAGEIFS(Q2:Q83,$L2:$L83,"W") -> 10.804348 | R98: =AVERAGEIFS(R2:R83,$L2:$L83,"W") -> 18.347826 | S98: =AVERAGEIFS(S2:S83,$L2:$L83,"W") -> 0.59932609 | T98: =AVERAGEIFS(T2:T83,$L2:$L83,"W") -> 1.8043478 | U98: =AVERAGEIFS(U2:U83,$L2:$L83,"W") -> 4.0869565 | V98: =AVERAGEIFS(V2:V83,$L2:$L83,"W") -> 0.47015909 | W98: =AVERAGEIFS(W2:W83,$L2:$L83,"W") -> 9 | X98: =AVERAGEIFS(X2:X83,$L2:$L83,"W") -> 14.26087 | ... BB98: =AVERAGEIFS(BB2:BB83,$L2:$L83,"W") -> 14.176087
B99: Total | P99: =SUMIF($L$2:$L$83,"W",P$2:P$83) -> 69.146528 | Q99: =SUMIF($L2:$L83,"W",Q2:Q83) -> 497 | R99: =SUMIF($L2:$L83,"W",R2:R83) -> 844 | S99: =SUMIF($L2:$L83,"W",S2:S83) -> 27.569 | T99: =SUMIF($L2:$L83,"W",T2:T83) -> 83 | U99: =SUMIF($L2:$L83,"W",U2:U83) -> 188 | V99: =SUMIF($L2:$L83,"W",V2:V83) -> 20.687 | W99: =SUMIF($L2:$L83,"W",W2:W83) -> 414 | X99: =SUMIF($L2:$L83,"W",X2:X83) -> 656 | ... BB99: =SUMIF($L2:$L83,"W",BB2:BB83) -> 652.1
B102: In Losses
B103: High | P103: =_xlfn.MAXIFS(P$2:P$83,$L$2:$L$83,"L") -> 2.1930556 | Q103: =_xlfn.MAXIFS(Q$2:Q$83,$L$2:$L$83,"L") -> 22 | R103: =_xlfn.MAXIFS(R$2:R$83,$L$2:$L$83,"L") -> 39 | S103: =_xlfn.MAXIFS(S$2:S$83,$L$2:$L$83,"L") -> 0.813 | T103: =_xlfn.MAXIFS(T$2:T$83,$L$2:$L$83,"L") -> 7 | U103: =_xlfn.MAXIFS(U$2:U$83,$L$2:$L$83,"L") -> 12 | V103: =_xlfn.MAXIFS(V$2:V$83,$L$2:$L$83,"L") -> 1 | W103: =_xlfn.MAXIFS(W$2:W$83,$L$2:$L$83,"L") -> 19 | ... BB103: =_xlfn.MAXIFS(BB$2:BB$83,$L$2:$L$83,"L") -> 18.9
B104: Low | P104: =_xlfn.MINIFS(P$2:P$83,$L$2:$L$83,"L") -> 1.3263889 | Q104: =_xlfn.MINIFS(Q$2:Q$83,$L$2:$L$83,"L") -> 2 | R104: =_xlfn.MINIFS(R$2:R$83,$L$2:$L$83,"L") -> 7 | S104: =_xlfn.MINIFS(S$2:S$83,$L$2:$L$83,"L") -> 0.286 | T104: =_xlfn.MINIFS(T$2:T$83,$L$2:$L$83,"L") -> 0 | U104: =_xlfn.MINIFS(U$2:U$83,$L$2:$L$83,"L") -> 1 | V104: =_xlfn.MINIFS(V$2:V$83,$L$2:$L$83,"L") -> 0 | W104: =_xlfn.MINIFS(W$2:W$83,$L$2:$L$83,"L") -> 2 | ... BB104: =_xlfn.MINIFS(BB$2:BB$83,$L$2:$L$83,"L") -> 0.3
B105: Mean | P105: =AVERAGEIFS(P$2:P$83,$L$2:$L$83,"L") -> 1.5822627 | Q105: =AVERAGEIFS(Q$2:Q$83,$L$2:$L$83,"L") -> 12.041667 | R105: =AVERAGEIFS(R$2:R$83,$L$2:$L$83,"L") -> 21.666667 | S105: =AVERAGEIFS(S$2:S$83,$L$2:$L$83,"L") -> 0.557125 | T105: =AVERAGEIFS(T$2:T$83,$L$2:$L$83,"L") -> 2.2916667 | U105: =AVERAGEIFS(U$2:U$83,$L$2:$L$83,"L") -> 5.9583333 | V105: =AVERAGEIFS(V$2:V$83,$L$2:$L$83,"L") -> 0.38754167 | W105: =AVERAGEIFS(W$2:W$83,$L$2:$L$83,"L") -> 9.75 | ... BB105: =AVERAGEIFS(BB$2:BB$83,$L$2:$L$83,"L") -> 11.783333
B106: Total | P106: =SUMIF($L$2:$L$83,"L",P$2:P$83) -> 37.974306 | Q106: =SUMIF($L$2:$L$83,"L",Q$2:Q$83) -> 289 | R106: =SUMIF($L$2:$L$83,"L",R$2:R$83) -> 520 | S106: =SUMIF($L$2:$L$83,"L",S$2:S$83) -> 13.371 | T106: =SUMIF($L$2:$L$83,"L",T$2:T$83) -> 55 | U106: =SUMIF($L$2:$L$83,"L",U$2:U$83) -> 143 | V106: =SUMIF($L$2:$L$83,"L",V$2:V$83) -> 9.301 | W106: =SUMIF($L$2:$L$83,"L",W$2:W$83) -> 234 | ... BB106: =SUMIF($L$2:$L$83,"L",BB$2:BB$83) -> 282.8
...

Sheet #PlusMinus v. DRtg
B1: Gseason | C1: Gplayed | D1: DRtg | E1: +/-
B2: 1 | C2: 1 | D2: 99 | E2: -9 | G2: SUMMARY OUTPUT | R2: SUMMARY OUTPUT
B3: 2 | C3: 2 | D3: 114 | E3: 7
B4: 3 | C4: 3 | D4: 112 | E4: 9 | G4: Regression Statistics | R4: Regression Statistics
B5: 4 | C5: 4 | D5: 129 | E5: 8 | G5: Multiple R | H5: 0.6011696 | R5: Multiple R | S5: 0.6011696
B6: 5 | C6: 5 | D6: 115 | E6: 6 | G6: R Square | H6: 0.36140489 | R6: R Square | S6: 0.36140489
B7: 6 | C7: 6 | D7: 95 | E7: 31 | G7: Adjusted R Square | H7: 0.35201379 | R7: Adjusted R Square | S7: 0.35201379
B8: 7 | C8: 7 | D8: 113 | E8: -1 | G8: Standard Error | H8: 11.470978 | R8: Standard Error | S8: 10.386668
B9: 8 | C9: 8 | D9: 105 | E9: 8 | G9: Observations | H9: 70 | R9: Observations | S9: 70
B10: 9 | C10: 9 | D10: 117 | E10: 26
B11: 10 | C11: 10 | D11: 117 | E11: 13 | G11: ANOVA | R11: ANOVA
B12: 14 | C12: 11 | D12: 121 | E12: 4 | H12: df | I12: SS | J12: MS | K12: F | L12: Significance F | S12: df | T12: SS | U12: MS | V12: F | W12: Significance F
B13: 15 | C13: 12 | D13: 95 | E13: 39 | G13: Regression | H13: 1 | I13: 5063.8195 | J13: 5063.8195 | K13: 38.483747 | L13: 3.735945e-08 | R13: Regression | S13: 1 | T13: 4151.7368 | U13: 4151.7368 | V13: 38.483747 | W13: 3.735945e-08
B14: 16 | C14: 13 | D14: 144 | E14: -20 | G14: Residual | H14: 68 | I14: 8947.6662 | J14: 131.58333 | R14: Residual | S14: 68 | T14: 7336.0346 | U14: 107.88286
B15: 17 | C15: 14 | D15: 107 | E15: 20 | G15: Total | H15: 69 | I15: 14011.486 | R15: Total | S15: 69 | T15: 11487.771
B16: 18 | C16: 15 | D16: 120 | E16: -7
B17: 19 | C17: 16 | D17: 100 | E17: 23 | H17: Coefficients | I17: Standard Error | J17: t Stat | K17: P-value | L17: Lower 95% | M17: Upper 95% | N17: Lower 95.0% | O17: Upper 95.0% | S17: Coefficients | T17: Standard Error | U17: t Stat | V17: P-value | W17: Lower 95% | X17: Upper 95% | Y17: Lower 95.0% | Z17: Upper 95.0%
B18: 20 | C18: 17 | D18: 108 | E18: -8 | G18: Intercept | H18: 82.143822 | I18: 11.952481 | J18: 6.8725334 | K18: 2.4048422e-09 | L18: 58.293019 | M18: 105.99463 | N18: 58.293019 | O18: 105.99463 | R18: Intercept | S18: 115.562 | T18: 1.4476228 | U18: 79.828807 | V18: 6.1382897e-69 | W18: 112.67331 | X18: 118.45068 | Y18: 112.67331 | Z18: 118.45068
B19: 21 | C19: 18 | D19: 118 | E19: -1 | G19: DRtg | H19: -0.66392835 | I19: 0.10702434 | J19: -6.203527 | K19: 3.735945e-08 | L19: -0.87749209 | M19: -0.45036462 | N19: -0.87749209 | O19: -0.45036462 | R19: +/- | S19: -0.54434321 | T19: 0.087747376 | U19: -6.203527 | V19: 3.735945e-08 | W19: -0.71944037 | X19: -0.36924605 | Y19: -0.71944037 | Z19: -0.36924605
B20: 22 | C20: 19 | D20: 94 | E20: 25
B21: 23 | C21: 20 | D21: 93 | E21: 14
B22: 24 | C22: 21 | D22: 113 | E22: 4
B23: 25 | C23: 22 | D23: 128 | E23: -5
B24: 26 | C24: 23 | D24: 108 | E24: 6
B25: 27 | C25: 24 | D25: 104 | E25: 19
B26: 28 | C26: 25 | D26: 112 | E26: -3
B27: 29 | C27: 26 | D27: 134 | E27: -15
B28: 30 | C28: 27 | D28: 123 | E28: 25
B29: 31 | C29: 28 | D29: 110 | E29: 20
B30: 32 | C30: 29 | D30: 104 | E30: 31
B31: 33 | C31: 30 | D31: 103 | E31: 7
... B71: 82 | C71: 70 | D71: 108 | E71: 34

Sheet #AdvStatsExplained
A1: TS% -- True Shooting Percentage
A2: A measure of shooting efficiency that takes into account 2-point field goals, 3-point field goals, and free throws.
A3: eFG% -- Effective Field Goal Percentage
A4: This statistic adjusts for the fact that a 3-point field goal is worth one more point than a 2-point field goal.
A5: ORB% -- Offensive Rebound Percentage
A6: An estimate of the percentage of available offensive rebounds a player grabbed while they were on the floor.
A7: DRB% -- Defensive Rebound Percentage
A8: An estimate of the percentage of available defensive rebounds a player grabbed while they were on the floor.
A9: TRB% -- Total Rebound Percentage
A10: An estimate of the percentage of available rebounds a player grabbed while they were on the floor.
A11: AST% -- Assist Percentage
A12: An estimate of the percentage of teammate field goals a player assisted while they were on the floor.
... A27: A box score estimate of the points per 100 possessions a player contributed above a league-average player, translated to an average team.

Sheet PivotTable
A3: Sum of PTS | B3: Column Labels | E3: L | F3: W
A4: Row Labels | B4: L | C4: W | E4: 16
A5: 1 | B5: 16 | E5: 41
A6: 2 | B6: 41 | F6: 40
A7: 3 | C7: 40 | F7: 29
A8: 4 | C8: 29 | E8: 26
A9: 5 | B9: 26 | F9: 27
A10: 6 | C10: 27 | F10: 28
A11: 7 | C11: 28 | F11: 23
A12: 8 | C12: 23 | F12: 30
A13: 9 | C13: 30 | F13: 37
A14: 10 | B14: 0 | C14: 37 | E14: 33
A15: 11 | B15: 33 | F15: 34
A16: 12 | C16: 34 | E16: 22
A17: 13 | B17: 22 | F17: 30
A18: 14 | C18: 30 | E18: 28
A19: 15 | B19: 28 | F19: 38
A20: 16 | C20: 38 | E20: 27
A21: 17 | B21: 27 | E21: 56
A22: 18 | B22: 56 | F22: 48
A23: 19 | C23: 48 | F23: 16
A24: 20 | C24: 16 | F24: 20
A25: 21 | C25: 20 | E25: 34
A26: 22 | B26: 34 | F26: 27
A27: 23 | C27: 27 | F27: 32
A28: 24 | C28: 32 | E28: 25
A29: 25 | B29: 25 | E29: 27
A30: 26 | B30: 27 | F30: 37
A31: 27 | C31: 37 | F31: 36
A32: 28 | C32: 36 | F32: 23
A33: 29 | C33: 23 | E33: 41
A34: 30 | B34: 41 | F34: 46
A35: 31 | B35: 0 | C35: 46 | F35: 35
A36: 32 | C36: 35 | F36: 19
A37: 33 | C37: 19 | F37: 10
A38: 34 | B38: 0 | C38: 10 | F38: 24
A39: 35 | C39: 24 | F39: 20
A40: 36 | C40: 20 | F40: 27
A41: 37 | C41: 27 | F41: 35
A42: 38 | C42: 35 | E42: 20
A43: 39 | B43: 20 | E43: 33
A44: 40 | B44: 33 | E44: 17
A45: 41 | B45: 17 | F45: 28
A46: 42 | C46: 28 | F46: 28
A47: 43 | C47: 28 | F47: 27
A48: 44 | C48: 27 | F48: 38
A49: 45 | C49: 38 | F49: 28
A50: 46 | C50: 28 | F50: 26
A51: 47 | C51: 26 | F51: 40
A52: 48 | C52: 40 | F52: 26
A53: 49 | C53: 26 | F53: 29
A54: 50 | C54: 29 | E54: 12
A55: 51 | B55: 12 | F55: 18
A56: 52 | C56: 18 | E56: 32
A57: 53 | B57: 32 | F57: 23
A58: 54 | C58: 23 | E58: 20
A59: 55 | B59: 20 | F59: 22
A60: 56 | C60: 22 | F60: 31
A61: 57 | C61: 31 | E61: 24
A62: 58 | B62: 24 | F62: 35
A63: 59 | C63: 35 | E63: 34
A64: 60 | B64: 34 | F64: 28
A65: 61 | C65: 28 | E65: 40
A66: 62 | B66: 40 | C66: 0 | F66: 39
A67: 63 | C67: 39 | F67: 27
A68: 64 | C68: 27 | E68: 61
A69: 65 | B69: 61 | E69: 33
A70: 66 | B70: 33 | E70: 41
A71: 67 | B71: 41 | F71: 20
A72: 68 | C72: 20 | F72: 26
A73: 69 | C73: 26 | F73: 18
A74: 70 | C74: 18
A75: Grand Total | B75: 743 | C75: 1328

Sheet DefVisual
B2: Values | C2: W | D2: L
B3: Average of DRB | C3: 10.23913 | D3: 9.2083333
B4: Average of BLK | C4: 0.7173913 | D4: 0.5
B5: Average of STL | C5: 1.9565217 | D5: 1.5416667
B6: Average of PF | C6: 2.2608696 | D6: 2.3333333
B11: Values | C11: W | D11: L
B12: Average of DRB% | C12: 0.29134783 | D12: 0.26620833
B13: Average of BLK% | C13: 0.016543478 | D13: 0.011958333
B14: Average of STL% | C14: 0.026021739 | D14: 0.019666667
